거주동 코드,거주동 이름,통근권_코드,통근권_행정동수,출근_유출량,동일통근권_내부출근량,동일통근권_내부출근비율,외부통근권_출근량,외부통근권_이동비율,주요_목적지통근권코드,주요_목적지통근권_출근량,주요_목적지통근권_비중,목적지_개수,목적지_HHI,목적지_엔트로피,목적지_정규화엔트로피,유효_목적지수,최대_목적지비중,주요_출근목적지,출근_유입량,출근_순유입량,출근_유입유출비,통근권_대표업무중심지_코드,통근권_대표업무중심지_이름,대표업무중심지_출근유입량,내부통근_출근량,내부통근_비중,루바인_모듈러리티,간선필터_분위수,간선필터_최소이동량
11590510,노량진1동,1,118,1686694.22,868010.0700000001,0.5146220694347313,818684.1499999999,0.4853779305652686,1,868010.0700000001,0.5146220694347313,401,0.030183922704506448,4.468141060120698,0.7454404093702168,87.19448296127817,0.1098575650540855,노량진1동 | 여의동 | 노량진2동 | 역삼1동 | 한강로동,811293.36,-875400.86,0.4809961108421893,11680640,역삼1동,16119655.08,185296.12,0.1098575650540855,0.30782946022911206,0.25,442.0
11590520,노량진2동,1,118,498387.42,239563.49,0.4806772410106178,258823.93,0.5193227589893822,1,239563.49,0.4806772410106178,394,0.02068113442400507,4.666828960957497,0.7808826877446071,106.35993560783315,0.08062183832810227,여의동 | 노량진2동 | 노량진1동 | 종로1.2.3.4가동 | 상도2동,1027184.72,528797.3,2.061016548130368,11680640,역삼1동,16119655.08,29807.07,0.05980702723194739,0.30782946022911206,0.25,442.0
11590530,상도1동,1,118,2147212.15,1212779.39,0.564815819433585,934432.76,0.43518418056641495,1,1212779.39,0.564815819433585,406,0.016758305303432097,4.749391894769904,0.7907280455491607,115.51401848598863,0.05399923337803393,상도1동 | 여의동 | 역삼1동 | 가산동 | 상도2동,652203.63,-1495008.52,0.3037443831528245,11680640,역삼1동,16119655.08,115947.81,0.05399923337803393,0.30782946022911206,0.25,442.0
11590540,상도2동,1,118,1451421.74,779573.71,0.5371103990767011,671848.03,0.46288960092329884,1,779573.71,0.5371103990767011,407,0.01657906169289668,4.715477978014071,0.7847602900083739,111.66217048289815,0.05339854562189485,여의동 | 상도2동 | 역삼1동 | 가산동 | 서초3동,728704.4500000001,-722717.2899999999,0.5020625156131395,11680640,역삼1동,16119655.08,70859.27,0.04882059297251535,0.30782946022911206,0.25,442.0
11590550,상도3동,1,118,1335811.5,721049.19,0.5397836371374254,614762.31,0.4602163628625746,1,721049.19,0.5397836371374254,387,0.015328614432545374,4.7473721458832525,0.7967495421124934,115.28094463032237,0.047910352620860054,가산동 | 여의동 | 역삼1동 | 상도3동 | 신대방2동,245006.19,-1090805.31,0.18341374512796155,11680640,역삼1동,16119655.08,40994.36,0.03068873115705322,0.30782946022911206,0.25,442.0
11590560,상도4동,1,118,1494272.58,804115.51,0.5381317443434583,690157.0700000001,0.4618682556565416,1,804115.51,0.5381317443434583,391,0.014825981986434053,4.796712092188828,0.8036433422113562,121.11155853294042,0.04769473184069267,여의동 | 가산동 | 역삼1동 | 상도4동 | 상도2동,301938.96,-1192333.62,0.20206417760807738,11680640,역삼1동,16119655.08,45393.19,0.030378118830233773,0.30782946022911206,0.25,442.0
11590605,흑석동,1,118,1457741.9,808057.87,0.5543216326566452,649684.0299999999,0.4456783673433548,1,808057.87,0.5543216326566452,412,0.03187707615304183,4.520914908330355,0.7508549038958247,91.91965757932127,0.12582813871234683,흑석동 | 여의동 | 역삼1동 | 노량진2동 | 종로1.2.3.4가동,823256.06,-634485.8399999999,0.5647474769024613,11680640,역삼1동,16119655.08,183424.95,0.12582813871234683,0.30782946022911206,0.25,442.0
11590620,사당1동,1,118,1348469.8699999999,876133.14,0.6497239274615755,472336.72999999986,0.3502760725384245,1,876133.14,0.6497239274615754,400,0.017367325351521048,4.654281172221818,0.7768186118147677,105.03369172098571,0.0635287164406573,역삼1동 | 서초3동 | 사당1동 | 여의동 | 사당2동,745937.67,-602532.1999999998,0.5531734053501693,11680640,역삼1동,16119655.08,52745.74,0.03911525290513165,0.30782946022911206,0.25,442.0
11590630,사당2동,1,118,1519570.44,924982.48,0.6087131307976746,594587.96,0.39128686920232536,1,924982.48,0.6087131307976746,412,0.018317259270736054,4.710191466621743,0.7822908488024054,111.07342472328003,0.07851268809888141,사당2동 | 서초3동 | 역삼1동 | 여의동 | 종로1.2.3.4가동,909488.97,-610081.47,0.5985171506758187,11680640,역삼1동,16119655.08,119305.56,0.07851268809888141,0.30782946022911206,0.25,442.0
11590640,사당3동,1,118,1137339.02,716016.02,0.6295537279640683,421323.0,0.3704462720359317,1,716016.02,0.6295537279640683,383,0.014673293624104647,4.754504498298183,0.7993403715590998,116.10610813457438,0.04066587814774877,역삼1동 | 서초3동 | 사당2동 | 여의동 | 사당3동,231670.84,-905668.18,0.20369549969366213,11680640,역삼1동,16119655.08,39296.54,0.0345512985213503,0.30782946022911206,0.25,442.0
11590650,사당4동,1,118,786958.43,525698.21,0.6680126801615175,261260.2200000001,0.33198731983848256,1,525698.21,0.6680126801615176,372,0.014340063519192071,4.728697607551201,0.798915764326018,113.14810310951798,0.0488642201850484,역삼1동 | 사당1동 | 서초3동 | 사당4동 | 가산동,250712.21,-536246.2200000001,0.3185838037213732,11680640,역삼1동,16119655.08,20847.87,0.026491704269563512,0.30782946022911206,0.25,442.0
11590651,사당5동,1,118,836896.6,553916.01,0.661869112623949,282980.58999999997,0.33813088737605096,1,553916.01,0.661869112623949,374,0.014932408392748484,4.743602864436459,0.8007086504446121,114.8472362026154,0.04955317060673923,역삼1동 | 서초3동 | 여의동 | 사당5동 | 가산동,244178.5,-592718.1,0.2917666292347227,11680640,역삼1동,16119655.08,27679.5,0.03307397831464484,0.30782946022911206,0.25,442.0
11590660,대방동,1,118,1978264.25,818021.41,0.41350462153880607,1160242.8399999999,0.5864953784611939,1,818021.41,0.413504621538806,409,0.025030958596486755,4.634300090448345,0.7706218153335098,102.95583300076812,0.11126130394359601,여의동 | 대방동 | 가산동 | 역삼1동 | 종로1.2.3.4가동,866317.08,-1111947.17,0.43791777564599876,11680640,역삼1동,16119655.08,124173.93,0.06276913208131825,0.30782946022911206,0.25,442.0
11590680,신대방2동,1,118,1237764.36,628876.13,0.5080741943482683,608888.2300000001,0.49192580565173166,1,628876.13,0.5080741943482684,405,0.01939962564458312,4.662550314378852,0.7765886103893492,105.90583120213763,0.07064115984079554,신대방2동 | 여의동 | 가산동 | 역삼1동 | 구로3동,1388466.95,150702.58999999985,1.1217538611307243,11680640,역삼1동,16119655.08,87437.11,0.07064115984079554,0.30782946022911206,0.25,442.0
11620525,보라매동,1,118,1292955.3599999999,756352.35,0.5849794767856487,536603.0099999999,0.4150205232143513,1,756352.35,0.5849794767856487,388,0.0172843117079056,4.693593742165772,0.7873829119002936,109.24507383083123,0.059451402869778895,역삼1동 | 신대방2동 | 여의동 | 보라매동 | 가산동,716931.3200000001,-576024.0399999998,0.554490388593153,11680640,역삼1동,16119655.08,49929.93,0.038616901669366224,0.30782946022911206,0.25,442.0
11620545,청림동,1,118,513602.75,295039.47,0.5744507209122225,218563.28000000003,0.4255492790877775,1,295039.47,0.5744507209122225,341,0.014241946801686759,4.754833390816238,0.8153170797486702,116.14430084514439,0.05176286536627773,역삼1동 | 여의동 | 서초3동 | 가산동 | 청림동,103734.24,-409868.51,0.20197368491504378,11680640,역삼1동,16119655.08,12895.37,0.025107673196843282,0.30782946022911206,0.25,442.0
11620565,성현동,1,118,1499041.22,937822.58,0.6256149380602088,561218.64,0.3743850619397911,1,937822.58,0.6256149380602088,387,0.015731742375198813,4.751681675688912,0.7974728087521978,115.77882333824508,0.05489476800377778,성현동 | 역삼1동 | 여의동 | 서초3동 | 은천동,315442.83,-1183598.39,0.21042972387377049,11680640,역삼1동,16119655.08,82289.52,0.05489476800377778,0.30782946022911206,0.25,442.0
11620575,행운동,1,118,1709719.03,1110628.27,0.6495969516114002,599090.76,0.35040304838859987,1,1110628.27,0.6495969516114002,390,0.018393960676949577,4.6604809346341165,0.7811542589243536,105.68689842585346,0.07983748651379285,역삼1동 | 서초3동 | 행운동 | 여의동 | 삼성1동,403883.76,-1305835.27,0.2362281479665112,11680640,역삼1동,16119655.08,52437.07,0.030669992601064983,0.30782946022911206,0.25,442.0
11620585,낙성대동,1,118,1029521.1799999999,701894.73,0.6817681303069453,327626.44999999995,0.3182318696930548,1,701894.73,0.6817681303069453,389,0.02310643239319851,4.514900676772138,0.7570789984715267,91.36849055828638,0.08623707964900731,역삼1동 | 대학동 | 서초3동 | 낙성대동 | 청룡동,697054.77,-332466.4099999999,0.6770669545623141,11680640,역삼1동,16119655.08,42277.42,0.04106512893692969,0.30782946022911206,0.25,442.0
11620595,청룡동,1,118,2358018.97,1559532.79,0.6613741491655599,798486.1800000002,0.3386258508344401,1,1559532.79,0.6613741491655599,403,0.022771448011606448,4.534889439429861,0.7559488907077672,93.21320902916578,0.09282875277292615,역삼1동 | 청룡동 | 서초3동 | 여의동 | 삼성1동,1139557.92,-1218461.0500000003,0.4832691910023098,11680640,역삼1동,16119655.08,125706.48,0.05331020725418506,0.30782946022911206,0.25,442.0
11620605,은천동,1,118,1696313.76,1030582.77,0.6075425397716517,665730.99,0.3924574602283483,1,1030582.77,0.6075425397716517,394,0.017519323890627436,4.699874622536317,0.786412092239147,109.93338841862398,0.060590300228420005,은천동 | 역삼1동 | 서초3동 | 가산동 | 청룡동,548126.77,-1148186.99,0.32312817529700405,11680640,역삼1동,16119655.08,102780.16,0.060590300228420005,0.30782946022911206,0.25,442.0
11620615,중앙동,1,118,943065.96,632985.39,0.6711994885278226,310080.56999999995,0.32880051147217737,1,632985.39,0.6711994885278226,369,0.021413211569576828,4.555891526496244,0.7707745335968637,95.19158323542845,0.09584096323442742,역삼1동 | 서초3동 | 삼성1동 | 여의동 | 가산동,382560.04,-560505.9199999999,0.4056556553053829,11680640,역삼1동,16119655.08,25270.78,0.026796407750736755,0.30782946022911206,0.25,442.0
11620625,인헌동,1,118,1660687.02,1123596.08,0.676585091873603,537090.94,0.32341490812639695,1,1123596.08,0.676585091873603,386,0.021088611104699582,4.599504554891883,0.7722683259407362,99.43503883239975,0.08970092389835142,역삼1동 | 서초3동 | 인헌동 | 낙성대동 | 가산동,426861.85,-1233825.17,0.25703931256113505,11680640,역삼1동,16119655.08,72647.03,0.043745166383006955,0.30782946022911206,0.25,442.0
11620630,남현동,1,118,1072137.27,698563.05,0.6515612035387969,373574.22,0.3484387964612031,1,698563.05,0.6515612035387969,399,0.01861659824142844,4.647028851650392,0.7759323408805073,104.27470923659422,0.06230745061217767,역삼1동 | 남현동 | 서초3동 | 여의동 | 사당1동,577402.03,-494735.24,0.5385523348143657,11680640,역삼1동,16119655.08,64853.67,0.06049008071513081,0.30782946022911206,0.25,442.0
11620645,서원동,1,118,1368658.95,787287.53,0.5752255008451886,581371.4199999999,0.4247744991548113,1,787287.53,0.5752255008451886,388,0.017173711573234978,4.695897598555102,0.7877693997925316,109.4970489379576,0.06985443670974423,역삼1동 | 가산동 | 여의동 | 서초3동 | 서원동,372939.55,-995719.3999999999,0.2724853770181388,11680640,역삼1동,16119655.08,43040.19,0.031446979541543206,0.30782946022911206,0.25,442.0
11620655,신원동,1,118,1009347.38,577097.03,0.5717526408004349,432250.35,0.42824735919956514,1,577097.03,0.5717526408004349,368,0.017506436775277218,4.660455366759326,0.7888270045517882,105.68419627101181,0.07089424455631915,역삼1동 | 가산동 | 여의동 | 서초3동 | 구로3동,172820.9,-836526.48,0.17122043750685714,11680640,역삼1동,16119655.08,22047.77,0.021843589666820158,0.30782946022911206,0.25,442.0
11620665,서림동,1,118,1169099.8,696934.29,0.5961289960018811,472165.51,0.40387100399811887,1,696934.29,0.5961289960018811,382,0.017355405950509963,4.672139924404962,0.7858384178306215,106.92631200902034,0.056218066242077876,역삼1동 | 대학동 | 여의동 | 가산동 | 구로3동,141685.48,-1027414.3200000001,0.12119194614523073,11680640,역삼1동,16119655.08,31671.47,0.02709047593712701,0.30782946022911206,0.25,442.0
11620685,신사동,1,118,1288158.52,667256.93,0.5179928709395176,620901.59,0.4820071290604824,1,667256.93,0.5179928709395176,378,0.018996004380402314,4.6436327365061905,0.7824288999007853,103.92118096853885,0.07847845465478892,역삼1동 | 가산동 | 구로3동 | 여의동 | 서초3동,286148.22,-1002010.3,0.22213742762032113,11680640,역삼1동,16119655.08,30467.59,0.023652050215062042,0.30782946022911206,0.25,442.0
11620695,신림동,1,118,1737114.04,1002495.93,0.5771042700224793,734618.11,0.4228957299775206,1,1002495.93,0.5771042700224793,404,0.02045272653737009,4.598546223722798,0.7662436804044206,99.33979278130674,0.08412412002610951,역삼1동 | 여의동 | 구로3동 | 서초3동 | 가산동,719460.15,-1017653.89,0.4141697858823362,11680640,역삼1동,16119655.08,53240.7,0.030648937705897532,0.30782946022911206,0.25,442.0
11620715,난향동,1,118,627988.43,316605.4,0.5041580145035475,311383.03,0.49584198549645253,1,316605.4,0.5041580145035475,306,0.01765389728662907,4.5941489900374055,0.8026698141467816,98.90393149246496,0.05456216765012693,난향동 | 역삼1동 | 구로3동 | 대학동 | 여의동,138708.08000000002,-489280.35000000003,0.22087680819215094,11680640,역삼1동,16119655.08,34264.41,0.05456216765012693,0.30782946022911206,0.25,442.0
11620735,대학동,1,118,1064963.33,670587.4,0.6296812116526115,394375.93000000005,0.37031878834738846,1,670587.4,0.6296812116526115,384,0.0352440114834905,4.429975916337074,0.7444533724195268,83.92939555865597,0.1536630749530127,대학동 | 여의동 | 역삼1동 | 서초3동 | 가산동,1285167.78,220204.44999999995,1.206771861337235,11680640,역삼1동,16119655.08,163645.54,0.1536630749530127,0.30782946022911206,0.25,442.0
11620745,삼성동,1,118,880253.4,514940.55,0.5849912650152785,365312.85000000003,0.41500873498472146,1,514940.55,0.5849912650152785,368,0.01778127986993281,4.714715692869456,0.798011087896249,111.57708450313287,0.06287898461965612,삼성동 | 대학동 | 가산동 | 역삼1동 | 서초3동,259268.09,-620985.31,0.2945380159849425,11680640,역삼1동,16119655.08,55349.44,0.06287898461965612,0.30782946022911206,0.25,442.0
11650510,서초1동,1,118,1174288.4,847992.45,0.722133038187212,326295.94999999995,0.277866961812788,1,847992.45,0.722133038187212,405,0.0412236739154433,4.136187064810282,0.6889181989233585,62.563814310216394,0.11639346858914727,서초3동 | 서초1동 | 서초2동 | 역삼1동 | 서초4동,2575631.94,1401343.54,2.1933555164131744,11680640,역삼1동,16119655.08,123307.02,0.10500573794308111,0.30782946022911206,0.25,442.0
11650520,서초2동,1,118,1349866.51,1037789.01,0.7688086209354138,312077.5,0.23119137906458617,1,1037789.01,0.7688086209354138,408,0.055045272352039404,3.9328511333828002,0.6542466037990776,51.05232735986735,0.1699221577102465,서초2동 | 역삼1동 | 서초3동 | 양재1동 | 양재2동,4418234.8,3068368.29,3.2730901665232066,11680640,역삼1동,16119655.08,229372.23,0.1699221577102465,0.30782946022911206,0.25,442.0
11650530,서초3동,1,118,1916273.54,1424046.28,0.7431330915313896,492227.26,0.2568669084686104,1,1424046.28,0.7431330915313896,422,0.06146763185187789,4.0852336513017615,0.6758031530288617,59.45582806005986,0.2196825824772386,서초3동 | 역삼1동 | 서초1동 | 서초2동 | 여의동,7977521.61,6061248.07,4.163039066959094,11680640,역삼1동,16119655.08,420971.92,0.2196825824772386,0.30782946022911206,0.25,442.0
11650531,서초4동,1,118,1303879.27,867739.67,0.6655061476665705,436139.6,0.3344938523334296,1,867739.67,0.6655061476665705,408,0.0367098696845945,4.217922720803652,0.7016694813971122,67.89230643153003,0.11068392091240165,서초4동 | 역삼1동 | 서초3동 | 여의동 | 서초2동,3047796.38,1743917.1099999999,2.3374835769879216,11680640,역삼1동,16119655.08,144318.47,0.11068392091240165,0.30782946022911206,0.25,442.0
11650540,잠원동,1,118,1324324.92,782426.42,0.5908115207860017,541898.4999999999,0.40918847921399826,1,782426.42,0.5908115207860017,414,0.026487160392160654,4.451091139833516,0.7386641453971625,85.72042596329452,0.09866704766078101,잠원동 | 여의동 | 역삼1동 | 종로1.2.3.4가동 | 논현1동,1467594.28,143269.3600000001,1.1081829374622054,11680640,역삼1동,16119655.08,130667.23,0.09866704766078101,0.30782946022911206,0.25,442.0
11650550,반포본동,1,118,45949.5,31732.43,0.6905935864372844,14217.07,0.3094064135627156,1,31732.43,0.6905935864372844,214,0.0795040441902264,3.5051910099980277,0.6532252474079973,33.28780154810075,0.19484912784687536,반포2동 | 반포본동 | 여의동 | 서초2동 | 논현1동,82345.17,36395.67,1.7920797832402964,11680640,역삼1동,16119655.08,7922.27,0.17241253985353486,0.30782946022911206,0.25,442.0
11650560,반포1동,1,118,1545824.41,998445.6,0.6458984562159942,547378.8099999999,0.3541015437840058,1,998445.6,0.6458984562159942,409,0.024746412546115273,4.462755172923297,0.7420962012873117,86.72612570365831,0.07870997456949202,반포1동 | 역삼1동 | 여의동 | 서초4동 | 논현1동,1290857.14,-254967.27000000002,0.8350606521991718,11680640,역삼1동,16119655.08,121671.8,0.07870997456949202,0.30782946022911206,0.25,442.0
11650570,반포2동,1,118,1135285.07,623764.83,0.5494345398200294,511520.2400000001,0.45056546017997057,1,623764.83,0.5494345398200294,399,0.02331585785612815,4.596240391986082,0.7674519957707395,99.11099581941419,0.08381272027121787,반포2동 | 여의동 | 역삼1동 | 반포4동 | 서초3동,651644.01,-483641.06000000006,0.5739915261987899,11680640,역삼1동,16119655.08,95151.33,0.08381272027121787,0.30782946022911206,0.25,442.0
11650580,반포3동,1,118,1120396.85,631948.54,0.5640399113938959,488448.31000000006,0.4359600886061042,1,631948.54,0.5640399113938959,408,0.021766818751643924,4.606619583142602,0.7663308666028825,100.1450448038221,0.07169962143324483,반포3동 | 여의동 | 역삼1동 | 서초3동 | 종로1.2.3.4가동,702009.99,-418386.8600000001,0.62657262022827,11680640,역삼1동,16119655.08,80332.03,0.07169962143324483,0.30782946022911206,0.25,442.0
11650581,반포4동,1,118,1085895.43,668631.86,0.6157424016417493,417263.56999999995,0.38425759835825074,1,668631.86,0.6157424016417493,426,0.03064119757872135,4.454795541445967,0.7357899363862529,86.03855772756391,0.10902963280727686,반포4동 | 서초3동 | 여의동 | 역삼1동 | 서초4동,2462775.21,1376879.78,2.267967192752621,11680640,역삼1동,16119655.08,118394.78,0.10902963280727686,0.30782946022911206,0.25,442.0
11650590,방배본동,1,118,900263.39,567403.93,0.6302643607444706,332859.45999999996,0.3697356392555294,1,567403.93,0.6302643607444706,366,0.01981379737633903,4.6055079857304175,0.780246328307253,100.0337856803084,0.0677577703120861,방배본동 | 서초3동 | 여의동 | 역삼1동 | 방배4동,586887.45,-313375.94000000006,0.6519063826420842,11680640,역삼1동,16119655.08,60999.84,0.0677577703120861,0.30782946022911206,0.25,442.0
11650600,방배1동,1,118,873828.3099999999,605058.63,0.6924227826859948,268769.67999999993,0.3075772173140053,1,605058.63,0.6924227826859947,379,0.022997352456210932,4.4878320640965,0.7558407913799321,88.92844557809785,0.07767728422531882,방배1동 | 역삼1동 | 서초3동 | 방배4동 | 여의동,1038253.4299999999,164425.12,1.1881663916336151,11680640,역삼1동,16119655.08,67876.61,0.07767728422531882,0.30782946022911206,0.25,442.0
11650610,방배2동,1,118,773387.93,522011.44,0.6749671410051615,251376.49000000005,0.3250328589948385,1,522011.44,0.6749671410051615,388,0.019481811257813928,4.507671637743263,0.7561931890549424,90.7103658447273,0.05332864452642803,역삼1동 | 방배2동 | 서초3동 | 여의동 | 남현동,711622.3,-61765.630000000005,0.9201362891712055,11680640,역삼1동,16119655.08,40330.11,0.05214732275431296,0.30782946022911206,0.25,442.0
11650620,방배3동,1,118,710195.6,473433.87,0.6666246172181298,236761.72999999998,0.33337538278187023,1,473433.87,0.6666246172181298,366,0.02318575753628633,4.507209861799254,0.7635930621497701,90.6684876498236,0.08645316867634777,서초3동 | 방배3동 | 역삼1동 | 방배1동 | 여의동,649640.5,-60555.09999999998,0.9147346167731819,11680640,역삼1동,16119655.08,42765.11,0.06021596022278933,0.30782946022911206,0.25,442.0
11650621,방배4동,1,118,1027586.98,676631.91,0.6584667995696092,350955.06999999995,0.34153320043039076,1,676631.91,0.6584667995696092,389,0.02066731253557807,4.539789774985997,0.7612525152103444,93.67110603987352,0.0732571854890571,방배4동 | 서초3동 | 역삼1동 | 여의동 | 반포4동,1021264.79,-6322.189999999944,0.9938475378502752,11680640,역삼1동,16119655.08,75278.13,0.0732571854890571,0.30782946022911206,0.25,442.0
11650651,양재1동,1,118,1856813.3299999998,1446023.1099999999,0.7787660109053611,410790.22,0.22123398909463882,1,1446023.1099999999,0.7787660109053611,402,0.04823883551708171,4.063783769472763,0.677698030337911,58.194088037887774,0.16493340771094098,양재1동 | 양재2동 | 역삼1동 | 서초3동 | 서초2동,3696123.04,1839309.7100000002,1.990573301194472,11680640,역삼1동,16119655.08,306250.55,0.16493340771094098,0.30782946022911206,0.25,442.0
11650652,양재2동,1,118,1185960.24,978217.79,0.8248318594559292,207742.44999999995,0.17516814054407082,1,978217.79,0.8248318594559292,413,0.06254769498254634,3.860668000522388,0.6409399170391957,47.497068840827744,0.20113012389015672,양재2동 | 양재1동 | 역삼1동 | 내곡동 | 서초3동,3218776.14,2032815.9000000001,2.7140674969002334,11680640,역삼1동,16119655.08,238532.33,0.20113012389015672,0.30782946022911206,0.25,442.0
11650660,내곡동,1,118,724622.31,568820.24,0.7849885825348104,155802.07000000007,0.21501141746518962,1,568820.24,0.7849885825348105,370,0.052990381514579035,3.991625062716153,0.6750017813316931,54.142803362190456,0.18077311199540624,내곡동 | 양재2동 | 역삼1동 | 양재1동 | 서초2동,1285287.34,560665.03,1.7737341540036216,11680640,역삼1동,16119655.08,130992.23,0.18077311199540624,0.30782946022911206,0.25,442.0
11680510,신사동,1,118,673716.42,431231.64,0.640078862854493,242484.78000000003,0.35992113714550705,1,431231.64,0.640078862854493,404,0.04935433704984515,4.163997311946746,0.693835936461932,64.328149028908,0.17953466237322818,신사동 | 압구정동 | 논현1동 | 역삼1동 | 여의동,2676589.46,2002873.04,3.9728725329271324,11680640,역삼1동,16119655.08,120955.45,0.17953466237322818,0.30782946022911206,0.25,442.0
11680521,논현1동,1,118,1030664.58,797150.0700000001,0.7734330697577675,233514.5099999999,0.22656693024223254,1,797150.0700000001,0.7734330697577674,417,0.05388121423089926,3.9361148844790614,0.6524214539247021,51.219221651821506,0.16893591123505963,논현1동 | 역삼1동 | 논현2동 | 신사동 | 압구정동,4581561.94,3550897.3600000003,4.445250209335806,11680640,역삼1동,16119655.08,174116.26,0.16893591123505963,0.30782946022911206,0.25,442.0
11680531,논현2동,1,118,1027137.28,758773.03,0.7387260152800608,268364.25,0.2612739847199393,1,758773.03,0.7387260152800608,406,0.04729331934193602,4.050652290421273,0.6743946256216913,57.434909070353,0.15750205269542938,논현2동 | 역삼1동 | 청담동 | 압구정동 | 논현1동,5179665.8,4152528.5199999996,5.0428174508474655,11680640,역삼1동,16119655.08,161776.23,0.15750205269542938,0.30782946022911206,0.25,442.0
11680545,압구정동,1,118,1034948.07,618175.37,0.5973008578101895,416772.69999999995,0.4026991421898105,1,618175.37,0.5973008578101895,416,0.037497236931613866,4.421725061135632,0.7332044154703694,83.23975524231275,0.15422030788462654,압구정동 | 신사동 | 여의동 | 역삼1동 | 논현2동,3664678.7,2629730.6300000004,3.5409300294651502,11680640,역삼1동,16119655.08,159610.01,0.15422030788462654,0.30782946022911206,0.25,442.0
11680565,청담동,1,118,1123865.08,759403.07,0.6757066159578513,364462.0100000001,0.32429338404214864,1,759403.07,0.6757066159578513,414,0.044180855812842014,4.19604016888368,0.6963381175602166,66.42278657240004,0.16239165469933453,청담동 | 삼성1동 | 논현2동 | 역삼1동 | 압구정동,3527353.64,2403488.56,3.1385917249070503,11680640,역삼1동,16119655.08,182506.31,0.16239165469933453,0.30782946022911206,0.25,442.0
11680580,삼성1동,1,118,821486.1,633179.8,0.7707736016470639,188306.29999999993,0.22922639835293615,1,633179.8,0.7707736016470638,413,0.09560289364376381,3.759184583820677,0.6240918553377369,42.91341941174372,0.28654195122717235,삼성1동 | 대치2동 | 역삼1동 | 삼성2동 | 청담동,6904409.36,6082923.260000001,8.404779289631316,11680640,역삼1동,16119655.08,235390.23,0.28654195122717235,0.30782946022911206,0.25,442.0
11680590,삼성2동,1,118,1404016.23,1015039.39,0.7229541712633906,388976.83999999997,0.2770458287366094,1,1015039.39,0.7229541712633906,410,0.03829665950588916,4.170088946465945,0.6931482731869044,64.72120857416495,0.11515251501045683,삼성2동 | 역삼1동 | 삼성1동 | 청담동 | 논현2동,3378520.66,1974504.4300000002,2.4063259297223367,11680640,역삼1동,16119655.08,161676.0,0.11515251501045683,0.30782946022911206,0.25,442.0
11680600,대치1동,1,118,983572.79,595299.11,0.6052415398762708,388273.68000000005,0.39475846012372917,1,595299.11,0.6052415398762708,408,0.020146986985545484,4.705604583678538,0.7827974447242828,110.56511060587324,0.07233843872399112,대치1동 | 역삼1동 | 여의동 | 서초3동 | 종로1.2.3.4가동,1026697.23,43124.439999999944,1.0438446858620396,11680640,역삼1동,16119655.08,71150.12,0.07233843872399112,0.30782946022911206,0.25,442.0
11680610,대치2동,1,118,1727183.06,1192772.99,0.6905886339575378,534410.0700000001,0.3094113660424623,1,1192772.99,0.6905886339575378,412,0.029924073771444838,4.453667350091979,0.7396861117592451,85.94154450565514,0.11836484199885564,대치2동 | 삼성1동 | 역삼1동 | 대치4동 | 여의동,4258662.28,2531479.22,2.4656693193829726,11680640,역삼1동,16119655.08,204437.75,0.11836484199885564,0.30782946022911206,0.25,442.0
11680630,대치4동,1,118,916990.75,711800.19,0.7762348638740357,205190.56000000006,0.22376513612596424,1,711800.19,0.7762348638740357,405,0.04197929280296545,4.097669726089265,0.6825027986517509,60.199841901431874,0.13084629261527447,대치4동 | 역삼1동 | 역삼2동 | 대치2동 | 삼성1동,3759543.02,2842552.27,4.099870167719795,11680640,역삼1동,16119655.08,119984.84,0.13084629261527447,0.30782946022911206,0.25,442.0
11680640,역삼1동,1,118,2308603.58,1924060.1500000001,0.8334302894912777,384543.42999999993,0.1665697105087223,1,1924060.1500000001,0.8334302894912777,425,0.10096250729186385,3.5975469605054875,0.5944305941455332,36.508567552334604,0.2934540368338162,역삼1동 | 역삼2동 | 서초2동 | 서초3동 | 논현2동,16119655.08,13811051.5,6.982426614793693,11680640,역삼1동,16119655.08,677469.04,0.2934540368338162,0.30782946022911206,0.25,442.0
11680650,역삼2동,1,118,1787296.76,1303613.28,0.7293770733406354,483683.48,0.2706229266593646,1,1303613.28,0.7293770733406354,418,0.04527235122336244,4.14573074589755,0.6868931322622448,63.16376170119427,0.14349586243305226,역삼1동 | 역삼2동 | 대치4동 | 여의동 | 도곡1동,4361041.16,2573744.4000000004,2.440020738357966,11680640,역삼1동,16119655.08,206068.65,0.11529627010569861,0.30782946022911206,0.25,442.0
11680655,도곡1동,1,118,1106204.69,785467.79,0.7100564634199843,320736.8999999999,0.2899435365800157,1,785467.79,0.7100564634199843,407,0.029530254125045983,4.318113323454688,0.7186299840234801,75.04690540521273,0.09214911211414228,역삼1동 | 도곡1동 | 양재1동 | 역삼2동 | 여의동,2820917.87,1714713.1800000002,2.5500867023082323,11680640,역삼1동,16119655.08,91002.73,0.08226572425759648,0.30782946022911206,0.25,442.0
11680656,도곡2동,1,118,1123647.73,733991.35,0.6532219399401982,389656.38,0.34677806005980183,1,733991.35,0.6532219399401982,397,0.021487783695412634,4.562030538672153,0.7623795315795463,95.777762965236,0.06627931335739895,도곡2동 | 역삼1동 | 여의동 | 도곡1동 | 대치1동,1340127.73,216480.0,1.1926582453025558,11680640,역삼1동,16119655.08,74474.6,0.06627931335739895,0.30782946022911206,0.25,442.0
11680660,개포1동,1,118,1100186.38,765083.1900000001,0.695412344588378,335103.1899999998,0.304587655411622,1,765083.1900000001,0.6954123445883779,394,0.020565159315676304,4.551330815759627,0.7615568236929866,94.75843045280511,0.06728496311688571,개포1동 | 역삼1동 | 여의동 | 도곡1동 | 삼성1동,331879.32,-768307.0599999998,0.30165736100096063,11680640,역삼1동,16119655.08,74026.0,0.06728496311688571,0.30782946022911206,0.25,442.0
11680670,개포2동,1,118,1900965.77,1264260.43,0.6650621752121291,636705.3400000001,0.3349378247878709,1,1264260.43,0.6650621752121291,400,0.018876431519693728,4.635248549417652,0.7736419890283818,103.05352870688075,0.0641654057768752,개포2동 | 역삼1동 | 여의동 | 서초3동 | 대치2동,507818.87,-1393146.9,0.26713730358227333,11680640,역삼1동,16119655.08,121976.24,0.0641654057768752,0.30782946022911206,0.25,442.0
11680675,개포3동,1,118,814746.29,567102.1,0.6960474775527974,247644.19000000006,0.3039525224472026,1,567102.1,0.6960474775527974,377,0.017658203276884468,4.595869843668999,0.7747268864397855,99.0742772101385,0.0575215506657907,역삼1동 | 개포3동 | 서초3동 | 여의동 | 대치2동,516786.0,-297960.29000000004,0.6342907066198484,11680640,역삼1동,16119655.08,36339.04,0.044601663666366614,0.30782946022911206,0.25,442.0
11680690,개포4동,1,118,1060399.92,806789.27,0.7608349027412225,253610.6499999999,0.23916509725877755,1,806789.27,0.7608349027412225,367,0.03032151751622997,4.260777055273435,0.7215099031868947,70.8650281089314,0.09406301162301108,양재2동 | 역삼1동 | 개포4동 | 양재1동 | 서초3동,586487.04,-473912.8799999999,0.553080992310901,11680640,역삼1동,16119655.08,72694.49,0.06855384334619717,0.30782946022911206,0.25,442.0
11680700,세곡동,1,118,2097804.38,1617002.43,0.7708070616193489,480801.94999999995,0.2291929383806511,1,1617002.43,0.7708070616193489,413,0.024316725699560095,4.456419862357162,0.7398453781792522,86.17842552038772,0.09072980865832686,세곡동 | 역삼1동 | 문정2동 | 수서동 | 내곡동,827596.2,-1270208.18,0.3945058976376053,11680640,역삼1동,16119655.08,190333.39,0.09072980865832686,0.30782946022911206,0.25,442.0
11680720,일원본동,1,118,1021332.27,724931.2,0.7097897729208145,296401.07000000007,0.29021022707918553,1,724931.2,0.7097897729208145,403,0.02207402520333122,4.550134920239499,0.758490254606553,94.64517700347616,0.0924627790327236,일원본동 | 역삼1동 | 수서동 | 여의동 | 삼성1동,771079.59,-250252.68000000005,0.7549742749242614,11680640,역삼1동,16119655.08,94435.22,0.0924627790327236,0.30782946022911206,0.25,442.0
11680730,일원1동,1,118,660192.91,501038.24,0.7589270233150489,159154.67000000004,0.24107297668495112,1,501038.24,0.7589270233150489,362,0.02119783730283402,4.47386889249466,0.759358293142458,87.6953514195235,0.055703582154494814,일원1동 | 일원본동 | 역삼1동 | 수서동 | 개포3동,269327.97000000003,-390864.94,0.40795344197198363,11680640,역삼1동,16119655.08,36775.11,0.055703582154494814,0.30782946022911206,0.25,442.0
11680750,수서동,1,118,675848.83,542213.87,0.8022709309121687,133634.95999999996,0.19772906908783133,1,542213.87,0.8022709309121687,391,0.03183023921669339,4.296521443664719,0.7198411717251655,73.44387019554009,0.130283631622178,수서동 | 일원본동 | 역삼1동 | 세곡동 | 문정2동,1386166.23,710317.4,2.051000413805555,11680640,역삼1동,16119655.08,88052.04,0.130283631622178,0.30782946022911206,0.25,442.0
11710510,풍납1동,1,118,581108.41,430205.52,0.7403188675242198,150902.89,0.25968113247578023,1,430205.52,0.7403188675242198,352,0.017395748572790016,4.660042579281276,0.7947366469218533,105.64058016087476,0.06196318858988807,풍납2동 | 풍납1동 | 천호2동 | 역삼1동 | 잠실6동,193210.73,-387897.68000000005,0.3324865492826029,11680640,역삼1동,16119655.08,25691.69,0.0442115267270009,0.30782946022911206,0.25,442.0
11710520,풍납2동,1,118,1195827.3800000001,882163.5800000001,0.7377014398181784,313663.80000000005,0.26229856018182157,1,882163.5800000001,0.7377014398181784,413,0.06084330840188738,4.222834206758568,0.7010659828257406,68.2265787559665,0.2285518165673711,풍납2동 | 잠실6동 | 역삼1동 | 성내1동 | 문정2동,1686986.75,491159.3699999999,1.4107276503403023,11680640,역삼1동,16119655.08,273308.52,0.2285518165673711,0.30782946022911206,0.25,442.0
11710531,거여1동,1,118,630136.68,492549.0,0.7816542277780115,137587.68000000005,0.21834577222198848,1,492549.0,0.7816542277780116,357,0.017996709114559424,4.597853756352384,0.7822491393038193,99.27102702798999,0.0565717266292132,문정2동 | 거여1동 | 오금동 | 거여2동 | 역삼1동,359728.87,-270407.81000000006,0.5708743537989249,11680640,역삼1동,16119655.08,35457.14,0.05626896691682826,0.30782946022911206,0.25,442.0
11710532,거여2동,1,118,941953.24,712156.37,0.75604216829277,229796.87,0.24395783170722996,1,712156.37,0.75604216829277,360,0.017745365827734616,4.626867716323513,0.7860662488467086,102.19346334925856,0.06369442500139391,거여2동 | 문정2동 | 거여1동 | 역삼1동 | 오금동,371175.27,-570777.97,0.39404850924447166,11680640,역삼1동,16119655.08,59997.17,0.06369442500139391,0.30782946022911206,0.25,442.0
11710540,마천1동,1,118,571059.97,441361.34,0.7728808937527175,129698.62999999995,0.2271191062472825,1,441361.34,0.7728808937527175,323,0.017502832561652113,4.577855964625764,0.7923384289195735,97.3055438676398,0.046233007717210506,문정2동 | 마천2동 | 오금동 | 거여1동 | 마천1동,125023.14,-446036.82999999996,0.2189317174516715,11680640,역삼1동,16119655.08,20437.95,0.03578949860554926,0.30782946022911206,0.25,442.0
11710550,마천2동,1,118,675587.53,549681.79,0.8136351924672145,125905.73999999999,0.18636480753278556,1,549681.79,0.8136351924672145,319,0.023167627962274936,4.420776425177452,0.7668048372311579,83.16082845965079,0.08516470101216936,마천2동 | 오금동 | 문정2동 | 거여2동 | 거여1동,272801.78,-402785.75,0.4037993122815633,11680640,역삼1동,16119655.08,57536.21,0.08516470101216936,0.30782946022911206,0.25,442.0
11710561,방이1동,1,118,752620.26,533420.76,0.708751528958309,219199.5,0.29124847104169105,1,533420.76,0.708751528958309,344,0.017434653782962495,4.617417434450951,0.7905668084638933,101.23225531212543,0.052161617334085586,방이1동 | 잠실6동 | 방이2동 | 역삼1동 | 문정2동,533945.61,-218674.65000000002,0.7094488925929259,11680640,역삼1동,16119655.08,39257.89,0.052161617334085586,0.30782946022911206,0.25,442.0
11710562,방이2동,1,118,1669577.66,1335884.37,0.8001331127058805,333693.2899999998,0.19986688729411953,1,1335884.37,0.8001331127058804,394,0.024921082922205677,4.427931119385601,0.740908823224667,83.75795232951123,0.08037783639246827,잠실6동 | 방이2동 | 역삼1동 | 삼성1동 | 문정2동,1382695.07,-286882.58999999985,0.8281705626080311,11680640,역삼1동,16119655.08,113084.64,0.0677324827166171,0.30782946022911206,0.25,442.0
11710566,오륜동,1,118,680956.96,456797.15,0.6708164786214976,224159.80999999994,0.3291835213785023,1,456797.15,0.6708164786214976,359,0.01677423775464154,4.6753309457047845,0.7946752934792194,107.26806112251113,0.05136186580720168,오륜동 | 잠실6동 | 여의동 | 풍납2동 | 종로1.2.3.4가동,657128.83,-23828.130000000005,0.9650078765624188,11680640,역삼1동,16119655.08,34975.22,0.05136186580720168,0.30782946022911206,0.25,442.0
11710570,오금동,1,118,1910583.7,1443779.85,0.7556747448436831,466803.84999999986,0.2443252551563168,1,1443779.85,0.7556747448436831,405,0.018495236592887487,4.675978793972392,0.778825241332511,107.33757706553918,0.08517294479168853,오금동 | 문정2동 | 가락본동 | 역삼1동 | 잠실6동,1022138.4500000001,-888445.2499999999,0.5349875276335708,11680640,역삼1동,16119655.08,162730.04,0.08517294479168853,0.30782946022911206,0.25,442.0
11710580,송파1동,1,118,1394994.7,1075485.77,0.7709604703157654,319508.92999999993,0.2290395296842346,1,1075485.77,0.7709604703157654,379,0.020059533057317887,4.5322845424162646,0.7633274789190689,92.97071419349506,0.056702272775660006,역삼1동 | 송파1동 | 잠실6동 | 문정2동 | 삼성1동,778006.52,-616988.1799999999,0.557712885934262,11680640,역삼1동,16119655.08,72404.36,0.05190296421914722,0.30782946022911206,0.25,442.0
11710590,송파2동,1,118,916098.54,660734.36,0.7212481312326946,255364.18000000005,0.27875186876730534,1,660734.36,0.7212481312326946,345,0.016849764838609272,4.6151735037154635,0.7897900955906597,101.00535181608136,0.046618336494674464,송파2동 | 역삼1동 | 문정2동 | 가락본동 | 여의동,327274.57,-588823.97,0.3572482169876616,11680640,역삼1동,16119655.08,42706.99,0.046618336494674464,0.30782946022911206,0.25,442.0
11710600,석촌동,1,118,1796361.71,1392389.44,0.7751164101577293,403972.27,0.2248835898422707,1,1392389.44,0.7751164101577293,396,0.019508557028540652,4.551686395033454,0.7609716087658858,94.79213057787243,0.058541606300437116,역삼1동 | 석촌동 | 문정2동 | 잠실6동 | 삼성1동,980680.3,-815681.4099999999,0.5459258536522692,11680640,역삼1동,16119655.08,98140.04,0.05463267194667604,0.30782946022911206,0.25,442.0
11710610,삼전동,1,118,1666415.25,1323590.25,0.7942739662278054,342825.0,0.20572603377219453,1,1323590.25,0.7942739662278054,384,0.021993206729042942,4.447438360661154,0.747387920104043,85.4078793560788,0.061627838559446695,역삼1동 | 삼전동 | 삼성1동 | 문정2동 | 잠실본동,653598.51,-1012816.74,0.39221827212635024,11680640,역삼1동,16119655.08,91708.41,0.05503334778051269,0.30782946022911206,0.25,442.0
11710620,가락본동,1,118,1397624.12,1079785.67,0.7725866021831391,317838.4500000002,0.22741339781686093,1,1079785.67,0.7725866021831392,410,0.024113928575887646,4.52505835781488,0.7521509557841677,92.30131217437774,0.0951995090067564,가락본동 | 문정2동 | 역삼1동 | 가락1동 | 가락2동,2036778.85,639154.73,1.4573151828547435,11680640,역삼1동,16119655.08,133053.13,0.0951995090067564,0.30782946022911206,0.25,442.0
11710631,가락1동,1,118,1359409.5,996945.52,0.7333665977764611,362463.98,0.266633402223539,1,996945.52,0.7333665977764611,415,0.02117821115489328,4.643055819616718,0.7702125580353961,103.86124437494315,0.08390799093282783,가락1동 | 문정2동 | 역삼1동 | 가락본동 | 잠실6동,914408.74,-445000.76,0.6726514269614858,11680640,역삼1동,16119655.08,114065.32,0.08390799093282783,0.30782946022911206,0.25,442.0
11710632,가락2동,1,118,1374337.08,1062565.21,0.7731474508422634,311771.8700000001,0.22685254915773653,1,1062565.21,0.7731474508422634,373,0.02096387365339148,4.5182548120318335,0.7630152793456727,91.67546736716598,0.06983577129418643,문정2동 | 가락본동 | 가락2동 | 역삼1동 | 오금동,697269.48,-677067.6000000001,0.5073496816370551,11680640,역삼1동,16119655.08,72183.49,0.05252240592970103,0.30782946022911206,0.25,442.0
11710641,문정1동,1,118,1056734.94,832056.99,0.7873847627296208,224677.94999999995,0.21261523727037923,1,832056.99,0.7873847627296208,375,0.03259430698409022,4.331215433197481,0.7307692746997521,76.03664789438264,0.13498417114891648,문정2동 | 문정1동 | 가락본동 | 역삼1동 | 장지동,712088.47,-344646.47,0.6738572209981057,11680640,역삼1동,16119655.08,58468.9,0.05532976888225159,0.30782946022911206,0.25,442.0
11710642,문정2동,1,118,1684394.78,1363770.06,0.8096498969202458,320624.72,0.19035010307975425,1,1363770.06,0.8096498969202458,410,0.045294772570788844,4.235708764857416,0.7040555378493124,69.11064457498267,0.18111672134248719,문정2동 | 역삼1동 | 잠실6동 | 가락본동 | 삼성1동,4744945.67,3060550.8899999997,2.8170033096397984,11680640,역삼1동,16119655.08,305072.06,0.18111672134248719,0.30782946022911206,0.25,442.0
11710646,장지동,1,118,1456604.03,1150943.84,0.7901556059816751,305660.18999999994,0.2098443940183249,1,1150943.84,0.7901556059816751,380,0.026761675692109504,4.451461256061937,0.7493826468425961,85.75215835602519,0.10793172802082664,문정2동 | 장지동 | 역삼1동 | 문정1동 | 가락본동,583402.0499999999,-873201.9800000001,0.400522062265611,11680640,역삼1동,16119655.08,96505.87,0.06625401825916957,0.30782946022911206,0.25,442.0
11710647,위례동,1,118,1699016.08,1266176.09,0.745240792541528,432839.99,0.2547592074584721,1,1266176.09,0.745240792541528,395,0.021324770675347923,4.595796757049023,0.7686711099296321,99.0670364706944,0.0765480630412868,문정2동 | 위례동 | 역삼1동 | 가락본동 | 잠실6동,534492.19,-1164523.8900000001,0.31458924744255506,11680640,역삼1동,16119655.08,125523.13,0.07387989523913158,0.30782946022911206,0.25,442.0
11710650,잠실본동,1,118,1792426.17,1376244.12,0.7678107712520177,416182.0499999998,0.2321892287479823,1,1376244.12,0.7678107712520176,401,0.02459809414829225,4.427621989124269,0.7386804274304203,83.73206421342518,0.0762430510596707,역삼1동 | 잠실본동 | 삼성1동 | 대치2동 | 잠실6동,1123862.25,-668563.9199999999,0.6270061600361482,11680640,역삼1동,16119655.08,135182.0,0.07541844805803076,0.30782946022911206,0.25,442.0
11710670,잠실2동,1,118,1617774.66,1004771.78,0.621082654366709,613002.8799999999,0.37891734563329105,1,1004771.78,0.6210826543667088,400,0.022211550281906148,4.597952942350957,0.767417199283995,99.28087381225858,0.08322424212034574,잠실2동 | 역삼1동 | 여의동 | 삼성1동 | 종로1.2.3.4가동,815574.66,-802199.9999999999,0.5041336597520943,11680640,역삼1동,16119655.08,134638.07,0.08322424212034574,0.30782946022911206,0.25,442.0
11710680,잠실3동,1,118,1498351.69,1005868.01,0.6713163649850457,492483.67999999993,0.3286836350149543,1,1005868.01,0.6713163649850457,403,0.02086321915986405,4.622667898517049,0.7705812273195588,101.76516942993176,0.08000458824189667,잠실3동 | 잠실6동 | 역삼1동 | 여의동 | 잠실2동,1122336.59,-376015.09999999986,0.7490475016583057,11680640,역삼1동,16119655.08,119875.01,0.08000458824189667,0.30782946022911206,0.25,442.0
11710690,잠실4동,1,118,986424.04,631579.36,0.6402716624789476,354844.68000000005,0.3597283375210523,1,631579.36,0.6402716624789476,368,0.020314150415596983,4.625879651846125,0.7829747314413642,102.09253948615466,0.0721528035752251,잠실6동 | 잠실4동 | 역삼1동 | 여의동 | 풍납2동,384972.14,-601451.9,0.3902704358259557,11680640,역삼1동,16119655.08,51576.72,0.052286560250498354,0.30782946022911206,0.25,442.0
11710710,잠실6동,1,118,971658.96,689064.4,0.7091628116103618,282594.55999999994,0.29083718838963823,1,689064.4,0.7091628116103617,402,0.054497777006104454,4.274161010351147,0.7127816494128753,71.81985790809212,0.21258203598513617,잠실6동 | 역삼1동 | 문정2동 | 방이2동 | 여의동,4462691.6,3491032.6399999997,4.592857971484151,11680640,역삼1동,16119655.08,206557.24,0.21258203598513617,0.30782946022911206,0.25,442.0
11710720,잠실7동,1,118,435589.29,283540.1,0.6509345075954461,152049.19,0.34906549240455387,1,283540.1,0.6509345075954461,342,0.01888779085638158,4.551147887496624,0.779999230924119,94.74109804305962,0.04974415234130298,역삼1동 | 여의동 | 잠실본동 | 잠실7동 | 삼성1동,462098.17,26508.880000000005,1.060857510982421,11680640,역삼1동,16119655.08,17616.55,0.0404430283398382,0.30782946022911206,0.25,442.0
11740515,강일동,1,118,1417636.92,1023845.79,0.7222200378359221,393791.1299999999,0.2777799621640779,1,1023845.79,0.7222200378359221,389,0.021656823168416994,4.652029964374572,0.7800734586272677,104.7975050024036,0.10327876477709118,강일동 | 고덕2동 | 상일1동 | 길동 | 상일2동,539944.9400000001,-877691.9799999999,0.38087674804631927,11680640,역삼1동,16119655.08,146411.79,0.10327876477709118,0.30782946022911206,0.25,442.0
11740525,상일1동,1,118,1788691.22,1212480.9,0.6778592562219878,576210.3200000001,0.3221407437780122,1,1212480.9,0.6778592562219878,400,0.021440244216262404,4.658612964841167,0.7775416057647927,105.48966276456348,0.09984499728242642,상일1동 | 상일2동 | 역삼1동 | 고덕2동 | 길동,917006.68,-871684.5399999999,0.5126690787915871,11680640,역삼1동,16119655.08,178591.87,0.09984499728242642,0.30782946022911206,0.25,442.0
11740526,상일2동,1,118,678046.64,486013.08999999997,0.7167841580927234,192033.55000000005,0.28321584190727656,1,486013.08999999997,0.7167841580927234,363,0.027123667660676077,4.54562168114324,0.7711759458853087,94.21898317112502,0.12208387316837083,상일2동 | 상일1동 | 강일동 | 길동 | 역삼1동,951212.59,273165.94999999995,1.4028719174834343,11680640,역삼1동,16119655.08,82778.56,0.12208387316837083,0.30782946022911206,0.25,442.0
11740530,명일1동,1,118,1240482.9,861208.04,0.6942522464437035,379274.85999999987,0.3057477535562964,1,861208.04,0.6942522464437034,380,0.017466747697146002,4.682131513857957,0.7882149040254811,108.00003096724808,0.07436412867924258,명일1동 | 길동 | 역삼1동 | 상일1동 | 여의동,527873.26,-712609.6399999999,0.42553852213521043,11680640,역삼1동,16119655.08,92247.43,0.07436412867924258,0.30782946022911206,0.25,442.0
11740540,명일2동,1,118,773341.81,529143.25,0.6842294612262073,244198.56000000006,0.31577053877379274,1,529143.25,0.6842294612262073,359,0.01808467393898897,4.6362966291648275,0.7880405531127328,103.16159364363706,0.0599752003580409,상일1동 | 명일2동 | 길동 | 명일1동 | 역삼1동,430244.91,-343096.9000000001,0.5563450785106264,11680640,역삼1동,16119655.08,38180.03,0.04937018729143843,0.30782946022911206,0.25,442.0
11740550,고덕1동,1,118,1057633.36,717775.62,0.6786620459853875,339857.7400000001,0.32133795401461246,1,717775.62,0.6786620459853877,354,0.016369754867893646,4.690709157291311,0.799194388478605,108.93040121138334,0.062469928142206095,고덕1동 | 역삼1동 | 길동 | 상일1동 | 고덕2동,289779.14,-767854.2200000001,0.27398827510508933,11680640,역삼1동,16119655.08,66070.28,0.062469928142206095,0.30782946022911206,0.25,442.0
11740560,고덕2동,1,118,1133550.23,760686.0,0.6710651013674092,372864.23,0.3289348986325908,1,760686.0,0.6710651013674092,376,0.01971608759884008,4.63410678148253,0.7815224072731035,102.9359326386873,0.08185273801232434,고덕2동 | 상일1동 | 상일2동 | 역삼1동 | 여의동,754092.58,-379457.65,0.6652484910174646,11680640,역삼1동,16119655.08,92784.19,0.08185273801232434,0.30782946022911206,0.25,442.0
11740570,암사1동,1,118,1597306.45,1192334.3,0.7464655889920184,404972.1499999999,0.2535344110079815,1,1192334.3,0.7464655889920184,389,0.01613370077807223,4.706760497027347,0.7892509222777416,110.692988186598,0.05895432276004395,암사1동 | 천호2동 | 문정2동 | 길동 | 역삼1동,622664.41,-974642.0399999999,0.38982150857776854,11680640,역삼1동,16119655.08,94168.12,0.05895432276004395,0.30782946022911206,0.25,442.0
11740580,암사2동,1,118,813646.61,593770.75,0.7297649159995886,219875.86,0.2702350840004114,1,593770.75,0.7297649159995886,361,0.016420483354038208,4.667286751811016,0.7925595987613755,106.40863736029311,0.05133060162322805,암사2동 | 역삼1동 | 문정2동 | 잠실6동 | 암사1동,320103.62,-493542.99,0.39341848913989824,11680640,역삼1동,16119655.08,41764.97,0.05133060162322805,0.30782946022911206,0.25,442.0
11740590,암사3동,1,118,649679.79,454156.56,0.6990467719489935,195523.23000000004,0.30095322805100655,1,454156.56,0.6990467719489935,325,0.014953473026315597,4.69700476298374,0.8120931416346467,109.61834731181418,0.044837088129215164,역삼1동 | 암사3동 | 잠실6동 | 암사1동 | 길동,209852.62,-439827.17000000004,0.32300930893971624,11680640,역삼1동,16119655.08,26925.67,0.04144452454031238,0.30782946022911206,0.25,442.0
11740600,천호1동,1,118,1237105.3699999999,932753.52,0.7539806572822492,304351.84999999986,0.24601934271775078,1,932753.52,0.7539806572822491,375,0.017886340967265654,4.643458401866285,0.7834513846671497,103.90306548600009,0.06705260684463767,길동 | 천호1동 | 천호2동 | 명일1동 | 천호3동,418679.79,-818425.5799999998,0.3384350275676194,11680640,역삼1동,16119655.08,56521.21,0.0456882747182643,0.30782946022911206,0.25,442.0
11740610,천호2동,1,118,1855381.35,1385058.61,0.7465088565215987,470322.74,0.25349114347840135,1,1385058.61,0.7465088565215987,401,0.018525652330161003,4.647270960327912,0.7753254699231853,104.29995810490804,0.07811199568218145,천호2동 | 역삼1동 | 잠실6동 | 길동 | 문정2동,1227540.2,-627841.1500000001,0.6616107249326398,11680640,역삼1동,16119655.08,144927.54,0.07811199568218145,0.30782946022911206,0.25,442.0
11740620,천호3동,1,118,1495420.06,1071434.48,0.7164772686010377,423985.5800000001,0.2835227313989623,1,1071434.48,0.7164772686010377,394,0.01724137867239134,4.679442563280983,0.78299327370499,107.71001431663146,0.05851135900905328,길동 | 천호3동 | 천호2동 | 역삼1동 | 문정2동,933785.9,-561634.16,0.6244305028247381,11680640,역삼1동,16119655.08,67137.91,0.04489568636654506,0.30782946022911206,0.25,442.0
11740640,성내1동,1,118,1076013.55,805537.08,0.7486309814592947,270476.4700000001,0.25136901854070526,1,805537.08,0.7486309814592947,372,0.023990935157187483,4.54967433813932,0.7686696957497695,94.60159516635755,0.10610072707727519,성내1동 | 풍납2동 | 역삼1동 | 성내3동 | 문정2동,1009252.08,-66761.47000000009,0.937954805494782,11680640,역삼1동,16119655.08,114165.82,0.10610072707727519,0.30782946022911206,0.25,442.0
11740650,성내2동,1,118,1330723.73,1002278.59,0.7531830742959698,328445.14,0.24681692570403024,1,1002278.59,0.7531830742959698,392,0.01767704862390935,4.631159120227942,0.7755746179756294,102.63295912935125,0.058618598467467024,성내2동 | 성내1동 | 풍납2동 | 역삼1동 | 길동,740958.49,-589765.24,0.5568086547911789,11680640,역삼1동,16119655.08,78005.16,0.058618598467467024,0.30782946022911206,0.25,442.0
11740660,성내3동,1,118,1281917.62,943077.19,0.7356769072259104,338840.43000000017,0.2643230927740896,1,943077.19,0.7356769072259105,400,0.020346660698300642,4.65628841257668,0.7771536284603775,105.24473131836962,0.09048026034621476,성내3동 | 길동 | 성내1동 | 둔촌2동 | 역삼1동,1123389.95,-158527.67000000016,0.8763355245869855,11680640,역삼1동,16119655.08,115988.24,0.09048026034621476,0.30782946022911206,0.25,442.0
11740685,길동,1,118,2732049.07,2006337.16,0.7343708361724265,725711.9099999999,0.26562916382757357,1,2006337.16,0.7343708361724265,422,0.022691482849395987,4.632251955251677,0.7662941080458546,102.74518133068463,0.1101590243399252,길동 | 역삼1동 | 둔촌2동 | 문정2동 | 성내3동,1839114.65,-892934.4199999999,0.6731631105000614,11680640,역삼1동,16119655.08,300959.86,0.1101590243399252,0.30782946022911206,0.25,442.0
11740690,둔촌1동,1,118,1595709.06,1007309.1900000001,0.6312611836646462,588399.87,0.36873881633535377,1,1007309.1900000001,0.6312611836646462,395,0.016527049881609173,4.762968837446182,0.7966315170975592,117.09304058407,0.051650117221243325,둔촌1동 | 여의동 | 역삼1동 | 잠실6동 | 성내3동,403764.05,-1191945.01,0.25303111959519736,11680640,역삼1동,16119655.08,82418.56,0.051650117221243325,0.30782946022911206,0.25,442.0
11740700,둔촌2동,1,118,1258259.66,928997.13,0.7383190922611316,329262.5299999999,0.26168090773886843,1,928997.13,0.7383190922611316,400,0.022372826867964966,4.598122373149722,0.7674454779790341,99.29769647510905,0.0910947824553161,둔촌2동 | 길동 | 성내3동 | 역삼1동 | 삼성1동,834339.0,-423920.6599999999,0.6630896837303042,11680640,역삼1동,16119655.08,114620.89,0.0910947824553161,0.30782946022911206,0.25,442.0
11110515,청운효자동,2,92,564412.04,356964.29,0.6324533580112854,207447.75000000006,0.36754664198871456,2,356964.29,0.6324533580112854,364,0.031080319711616712,4.3876041062464965,0.7440206249874926,80.4474443700048,0.09870492840655914,사직동 | 종로1.2.3.4가동 | 청운효자동 | 명동 | 소공동,682327.04,117915.0,1.2089165213413944,11110615,종로1.2.3.4가동,13113292.16,43228.92,0.07659106634224173,0.30782946022911206,0.25,442.0
11110530,사직동,2,92,636380.75,455197.0,0.7152903352277705,181183.75,0.28470966477222953,2,455197.0,0.7152903352277705,409,0.08345086006808512,3.70703754575508,0.6164305175029968,40.73295808679241,0.23712750582100417,사직동 | 종로1.2.3.4가동 | 명동 | 여의동 | 소공동,5118840.98,4482460.23,8.043676651124347,11110615,종로1.2.3.4가동,13113292.16,150903.38,0.23712750582100417,0.30782946022911206,0.25,442.0
11110540,삼청동,2,92,106609.77,70706.48,0.6632270194373366,35903.29000000001,0.3367729805626633,2,70706.48,0.6632270194373368,286,0.05010863840212085,3.8590554448050134,0.6822950905661994,47.42053889189692,0.15807519329607408,종로1.2.3.4가동 | 삼청동 | 청운효자동 | 사직동 | 가회동,450688.63,344078.86,4.227460860294511,11110615,종로1.2.3.4가동,13113292.16,9579.22,0.08985311571350355,0.30782946022911206,0.25,442.0
11110550,부암동,2,92,452322.26,292844.11,0.6474236089994775,159478.15000000002,0.35257639100052257,2,292844.11,0.6474236089994775,358,0.024514694587451643,4.499402619835188,0.765135172311845,89.96337291048629,0.07978099508080809,종로1.2.3.4가동 | 부암동 | 사직동 | 명동 | 평창동,273821.33,-178500.93,0.6053677968446656,11110615,종로1.2.3.4가동,13113292.16,27786.25,0.06143020686180689,0.30782946022911206,0.25,442.0
11110560,평창동,2,92,703357.45,422310.58,0.6004209950431321,281046.86999999994,0.3995790049568679,2,422310.58,0.6004209950431321,379,0.02250063500144959,4.617271950026454,0.7776410602893082,101.21752866699546,0.07082337721737363,종로1.2.3.4가동 | 평창동 | 사직동 | 부암동 | 명동,305384.37,-397973.07999999996,0.4341808990577977,11110615,종로1.2.3.4가동,13113292.16,49289.68,0.0700777108424742,0.30782946022911206,0.25,442.0
11110570,무악동,2,92,222998.38,147472.58,0.6613168221222054,75525.80000000002,0.3386831778777945,2,147472.58,0.6613168221222055,314,0.03020992309193729,4.275629800045618,0.7436662984292733,71.92542368322871,0.10413851436947659,종로1.2.3.4가동 | 사직동 | 소공동 | 명동 | 여의동,141196.33000000002,-81802.04999999999,0.6331719988279736,11110615,종로1.2.3.4가동,13113292.16,2889.98,0.012959645715811926,0.30782946022911206,0.25,442.0
11110580,교남동,2,92,605883.87,385382.38,0.6360664131890489,220501.49,0.36393358681095106,2,385382.38,0.6360664131890489,400,0.03025606094187992,4.369271621161589,0.7292493491045677,78.98607895356896,0.0934649902463982,사직동 | 종로1.2.3.4가동 | 소공동 | 여의동 | 교남동,719312.66,113428.79000000004,1.1872120972621372,11110615,종로1.2.3.4가동,13113292.16,26308.2,0.043421192249267174,0.30782946022911206,0.25,442.0
11110600,가회동,2,92,170938.66,109960.51,0.6432746694048028,60978.15000000001,0.3567253305951972,2,109960.51,0.6432746694048028,320,0.06283926897960715,3.855300793352414,0.6683575335290248,47.24282513205192,0.17137071274572996,종로1.2.3.4가동 | 가회동 | 사직동 | 명동 | 여의동,1301673.97,1130735.31,7.614860032247825,11110615,종로1.2.3.4가동,13113292.16,26695.92,0.15617251240883717,0.30782946022911206,0.25,442.0
11110615,종로1.2.3.4가동,2,92,802872.25,603959.82,0.7522489661337778,198912.43000000005,0.24775103386622224,2,603959.82,0.7522489661337778,427,0.1663009382979355,3.2736280763819665,0.5404894857125554,26.406972268993854,0.3892603835790812,종로1.2.3.4가동 | 명동 | 사직동 | 소공동 | 종로5.6가동,13113292.16,12310419.91,16.332974716712403,11110615,종로1.2.3.4가동,13113292.16,312526.36,0.3892603835790812,0.30782946022911206,0.25,442.0
11110670,창신1동,2,92,204779.68,111574.39,0.5448508855956802,93205.29,0.45514911440431977,2,111574.39,0.5448508855956802,386,0.0253666738939204,4.468017842283781,0.750191377822202,87.18373970759043,0.08263383359130164,종로1.2.3.4가동 | 창신1동 | 종로5.6가동 | 창신2동 | 광희동,599480.01,394700.33,2.927438943160767,11110615,종로1.2.3.4가동,13113292.16,14589.37,0.07124422696626932,0.30782946022911206,0.25,442.0
11110680,창신2동,2,92,361303.43,185768.56,0.51416218218576,175534.87,0.48583781781423996,2,185768.56,0.51416218218576,326,0.02825793706676735,4.3718823843414985,0.7554795076233024,79.19256232253083,0.08615794209315976,종로1.2.3.4가동 | 창신1동 | 종로5.6가동 | 창신2동 | 광희동,139633.9,-221669.53,0.38647266647869905,11110615,종로1.2.3.4가동,13113292.16,21481.58,0.05945578761873366,0.30782946022911206,0.25,442.0
11110690,창신3동,2,92,322678.11,148981.02,0.46170166299784016,173697.09,0.5382983370021598,2,148981.02,0.46170166299784016,330,0.018623325865881103,4.62292347025683,0.79718048076038,101.79118105510864,0.06101575963736741,종로1.2.3.4가동 | 종로5.6가동 | 명동 | 숭인1동 | 창신1동,102323.98,-220354.13,0.31710852651269095,11110615,종로1.2.3.4가동,13113292.16,6317.28,0.019577652788408857,0.30782946022911206,0.25,442.0
11110700,숭인1동,2,92,369557.11,182290.09,0.4932663587503431,187267.02,0.5067336412496569,2,182290.09,0.4932663587503431,352,0.019554020805701983,4.581447463203789,0.7813328168166164,97.65564490744237,0.0641889422720077,종로1.2.3.4가동 | 창신1동 | 종로5.6가동 | 숭인1동 | 숭인2동,232904.01,-136653.09999999998,0.6302246762347503,11110615,종로1.2.3.4가동,13113292.16,13822.89,0.037403934671964505,0.30782946022911206,0.25,442.0
11110710,숭인2동,2,92,695525.21,346135.39,0.49766045144503107,349389.81999999995,0.502339548554969,2,346135.39,0.49766045144503096,394,0.021746071788207023,4.577026690048616,0.7658564163171432,97.22488430298041,0.08914854430653923,종로1.2.3.4가동 | 명동 | 숭인2동 | 종로5.6가동 | 소공동,774886.46,79361.25,1.1141026218158216,11110615,종로1.2.3.4가동,13113292.16,28412.51,0.04085043876411036,0.30782946022911206,0.25,442.0
11140520,소공동,2,92,392164.94,320765.64999999997,0.8179355604812607,71399.29000000004,0.18206443951873932,2,320765.64999999997,0.8179355604812607,409,0.1254537079872457,3.1759427463571965,0.5281165908175568,23.949387426715603,0.3007132152099063,소공동 | 명동 | 회현동 | 충현동 | 종로1.2.3.4가동,7356283.17,6964118.2299999995,18.75813572217853,11110615,종로1.2.3.4가동,13113292.16,117929.18,0.3007132152099063,0.30782946022911206,0.25,442.0
11140540,회현동,2,92,302833.66000000003,235916.93,0.7790313996139001,66916.73000000004,0.22096860038609986,2,235916.93,0.7790313996139003,408,0.1335006770911274,3.3895055534898804,0.5638587431153148,29.65128766952851,0.3364650415677042,회현동 | 명동 | 소공동 | 종로1.2.3.4가동 | 충현동,6626171.07,6323337.41,21.88056330990419,11110615,종로1.2.3.4가동,13113292.16,101892.94,0.3364650415677042,0.30782946022911206,0.25,442.0
11140550,명동,2,92,530242.12,417816.45,0.7879729546947346,112425.66999999998,0.21202704530526542,2,417816.45,0.7879729546947346,423,0.12262366164788277,3.371454228622725,0.5575073153765165,29.120844646417815,0.31278471427354737,명동 | 소공동 | 종로1.2.3.4가동 | 회현동 | 을지로동,10449542.85,9919300.73,19.707115779485793,11110615,종로1.2.3.4가동,13113292.16,165851.63,0.31278471427354737,0.30782946022911206,0.25,442.0
11140570,필동,2,92,295478.02,191990.38,0.6497619687582853,103487.64000000001,0.3502380312417147,2,191990.38,0.6497619687582853,388,0.04289388787811903,4.07047422064389,0.6828502892938421,58.58473809773553,0.1334632606513337,필동 | 명동 | 을지로동 | 광희동 | 종로1.2.3.4가동,2316832.81,2021354.79,7.840964989544738,11110615,종로1.2.3.4가동,13113292.16,39435.46,0.1334632606513337,0.30782946022911206,0.25,442.0
11140580,장충동,2,92,269398.86,170179.91999999998,0.63170245041126,99218.94,0.36829754958873995,2,170179.91999999998,0.63170245041126,365,0.033466553339623235,4.13816652814613,0.7013963599948707,62.68777973882716,0.09637902699365544,장충동 | 을지로동 | 광희동 | 필동 | 종로1.2.3.4가동,1071835.8,802436.9400000001,3.9786203995072587,11110615,종로1.2.3.4가동,13113292.16,25964.4,0.09637902699365544,0.30782946022911206,0.25,442.0
11140590,광희동,2,92,430432.92,271034.95,0.6296798813622342,159397.96999999997,0.37032011863776587,2,271034.95,0.6296798813622341,409,0.04232870473003385,4.189825082833666,0.6967115957634901,66.01124345085994,0.14484877225468723,광희동 | 명동 | 을지로동 | 회현동 | 종로1.2.3.4가동,3139462.02,2709029.1,7.293731204388363,11110615,종로1.2.3.4가동,13113292.16,62347.68,0.14484877225468723,0.30782946022911206,0.25,442.0
11140605,을지로동,2,92,293794.05,216602.87,0.737260914576044,77191.18,0.26273908542395596,2,216602.87,0.737260914576044,394,0.0839535318050454,3.539960914708073,0.5923281561664401,34.46557206758551,0.22535653802383,을지로동 | 명동 | 종로1.2.3.4가동 | 필동 | 광희동,3541302.57,3247508.52,12.053690569975805,11110615,종로1.2.3.4가동,13113292.16,66208.41,0.22535653802383,0.30782946022911206,0.25,442.0
11140615,신당동,2,92,448684.05,264577.33,0.5896740256311763,184106.71999999997,0.4103259743688236,2,264577.33,0.5896740256311763,411,0.026468080469127298,4.467248227444699,0.7422412627397705,87.116667620932,0.09720831395722669,신당동 | 광희동 | 회현동 | 명동 | 종로1.2.3.4가동,1261380.11,812696.06,2.8112880544784247,11110615,종로1.2.3.4가동,13113292.16,43615.82,0.09720831395722669,0.30782946022911206,0.25,442.0
11140625,다산동,2,92,751760.93,406370.69,0.5405584059815398,345390.24000000005,0.45944159401846013,2,406370.69,0.5405584059815398,397,0.018809748767719365,4.627990266133278,0.7734023306815364,102.30824501411526,0.07258287551602342,다산동 | 광희동 | 종로1.2.3.4가동 | 신당동 | 명동,893738.62,141977.68999999994,1.1888601606364406,11110615,종로1.2.3.4가동,13113292.16,54564.97,0.07258287551602342,0.30782946022911206,0.25,442.0
11140635,약수동,2,92,605537.78,289604.4,0.47825983706582276,315933.38,0.5217401629341772,2,289604.4,0.47825983706582276,365,0.016168328065569407,4.720585661397283,0.8001131847710681,112.23396452396796,0.053140383742860765,다산동 | 약수동 | 종로1.2.3.4가동 | 명동 | 여의동,279794.94,-325742.84,0.46206025328427897,11110615,종로1.2.3.4가동,13113292.16,25426.25,0.041989535318506466,0.30782946022911206,0.25,442.0
11140645,청구동,2,92,578371.89,267721.98,0.4628889899887769,310649.91000000003,0.5371110100112231,2,267721.98,0.4628889899887769,368,0.015357844467050501,4.717275506126322,0.7984443609703842,111.86306687778166,0.046516282110460105,종로1.2.3.4가동 | 다산동 | 여의동 | 청구동 | 역삼1동,227265.35,-351106.54000000004,0.39293982631140667,11110615,종로1.2.3.4가동,13113292.16,19084.05,0.03299615754147388,0.30782946022911206,0.25,442.0
11140650,신당5동,2,92,561851.78,260460.32,0.46357478835432364,301391.46,0.5364252116456764,2,260460.32,0.46357478835432364,373,0.017361401622023098,4.602022895117092,0.7771615216393444,99.68576566571166,0.04239780107130745,명동 | 신당동 | 신당5동 | 종로1.2.3.4가동 | 왕십리도선동,347717.93,-214133.85000000003,0.6188783988545875,11110615,종로1.2.3.4가동,13113292.16,21330.06,0.037963855876722505,0.30782946022911206,0.25,442.0
11140665,동화동,2,92,481418.05,233455.11,0.48493219147059397,247962.94,0.515067808529406,2,233455.11,0.48493219147059397,369,0.01806965200434225,4.630059817771485,0.7833224684594207,102.52019645676428,0.05353324413158169,종로1.2.3.4가동 | 동화동 | 신당동 | 을지로동 | 여의동,513689.26,32271.21000000002,1.06703365193723,11110615,종로1.2.3.4가동,13113292.16,23738.15,0.04930880759456361,0.30782946022911206,0.25,442.0
11140670,황학동,2,92,693440.72,350248.02,0.5050871832274286,343192.69999999995,0.4949128167725714,2,350248.02,0.5050871832274286,365,0.020895594736453797,4.521975401808904,0.7664498432439852,92.01718948356802,0.07093578236939994,명동 | 황학동 | 종로1.2.3.4가동 | 신당동 | 광희동,397699.73,-295740.99,0.5735165509172868,11110615,종로1.2.3.4가동,13113292.16,32061.64,0.04623558881860875,0.30782946022911206,0.25,442.0
11140680,중림동,2,92,652683.12,408668.66000000003,0.6261364013826496,244014.45999999996,0.3738635986173504,2,408668.66000000003,0.6261364013826495,372,0.02858527384958557,4.351229641546778,0.7351423675904253,77.5737922606984,0.0720312944511266,회현동 | 소공동 | 명동 | 여의동 | 종로1.2.3.4가동,638995.49,-13687.630000000005,0.979028674741887,11110615,종로1.2.3.4가동,13113292.16,32821.79,0.050287481006096806,0.30782946022911206,0.25,442.0
11170510,후암동,2,92,803840.0,498912.35,0.6206612634355095,304927.65,0.37933873656449046,2,498912.35,0.6206612634355095,377,0.026501222657811845,4.405646641687741,0.7426609154674882,81.91209349565732,0.08586703821656051,회현동 | 소공동 | 명동 | 한강로동 | 종로1.2.3.4가동,274775.32,-529064.6799999999,0.3418283738057325,11110615,종로1.2.3.4가동,13113292.16,31377.38,0.03903436007165605,0.30782946022911206,0.25,442.0
11170520,용산2가동,2,92,419816.66,239808.12,0.5712210658814731,180008.53999999998,0.42877893411852686,2,239808.12,0.5712210658814731,355,0.0174802292153049,4.615598477495765,0.7860193958929591,101.04828556448584,0.05252483310214511,회현동 | 용산2가동 | 명동 | 종로1.2.3.4가동 | 한강로동,261253.16,-158563.49999999997,0.6223029834023261,11110615,종로1.2.3.4가동,13113292.16,19526.94,0.046513018325666254,0.30782946022911206,0.25,442.0
11170530,남영동,2,92,430212.94,280611.52,0.6522619240602108,149601.41999999998,0.3477380759397892,2,280611.52,0.6522619240602108,397,0.028155486903807207,4.363006159700669,0.7291197558005456,78.49274182618505,0.08058725523225778,회현동 | 남영동 | 한강로동 | 종로1.2.3.4가동 | 명동,1480433.51,1050220.57,3.4411645312202834,11110615,종로1.2.3.4가동,13113292.16,32668.81,0.07593637234621535,0.30782946022911206,0.25,442.0
11170555,청파동,2,92,1082254.91,693261.68,0.6405715267210015,388993.22999999986,0.35942847327899846,2,693261.68,0.6405715267210015,414,0.024719768802926836,4.468759038644196,0.7415961553169689,87.24838393222157,0.07569615923479617,청파동 | 회현동 | 한강로동 | 명동 | 종로1.2.3.4가동,845150.29,-237104.61999999988,0.7809161059846798,11110615,종로1.2.3.4가동,13113292.16,81922.54,0.07569615923479617,0.30782946022911206,0.25,442.0
11170560,원효로1동,2,92,980187.04,563317.15,0.5747037320550575,416869.89,0.4252962679449424,2,563317.15,0.5747037320550575,393,0.02718130336149947,4.414521581358928,0.7389792892943541,82.64229383292339,0.08642465829786936,한강로동 | 여의동 | 원효로1동 | 명동 | 종로1.2.3.4가동,1014419.89,34232.84999999998,1.034924813941633,11110615,종로1.2.3.4가동,13113292.16,48748.19,0.04973355901543036,0.30782946022911206,0.25,442.0
11170570,원효로2동,2,92,796464.05,449673.49,0.5645873030929645,346790.56000000006,0.4354126969070356,2,449673.49,0.5645873030929645,389,0.025605596133385013,4.491626879151957,0.7531763426537441,89.26655370539476,0.09560406398757106,여의동 | 한강로동 | 원효로2동 | 명동 | 종로1.2.3.4가동,541865.28,-254598.77000000002,0.6803386543309771,11110615,종로1.2.3.4가동,13113292.16,47672.02,0.05985457849604134,0.30782946022911206,0.25,442.0
11170580,효창동,2,92,628180.99,368467.3,0.5865623217920045,259713.69,0.41343767820799543,2,368467.3,0.5865623217920045,378,0.019035392139898005,4.592999400564533,0.7738974359398897,98.79029790249938,0.06508240562962594,여의동 | 한강로동 | 효창동 | 종로1.2.3.4가동 | 청파동,438711.46,-189469.52999999997,0.6983838527173515,11110615,종로1.2.3.4가동,13113292.16,22026.08,0.03506327053927563,0.30782946022911206,0.25,442.0
11170590,용문동,2,92,635288.43,357753.39,0.5631353777370067,277535.04000000004,0.4368646222629932,2,357753.39,0.5631353777370067,372,0.019022505969211095,4.620510859755583,0.7806375605840278,101.54589459208697,0.06652121777190244,여의동 | 한강로동 | 종로1.2.3.4가동 | 명동 | 용문동,212219.58000000002,-423068.85000000003,0.3340523295851618,11110615,종로1.2.3.4가동,13113292.16,20527.62,0.03231228372914016,0.30782946022911206,0.25,442.0
11170625,한강로동,2,92,1392084.75,768667.19,0.5521698229938945,623417.56,0.44783017700610545,2,768667.19,0.5521698229938945,423,0.04742871534836868,4.3486813450797275,0.7191026476173576,77.37636290105368,0.18755354514155836,한강로동 | 여의동 | 역삼1동 | 종로1.2.3.4가동 | 명동,5039679.55,3647594.8,3.620239033578954,11110615,종로1.2.3.4가동,13113292.16,261090.43,0.18755354514155836,0.30782946022911206,0.25,442.0
11170630,이촌1동,2,92,1105775.19,521681.68,0.4717791506969875,584093.51,0.5282208493030125,2,521681.68,0.4717791506969875,392,0.02585186913183097,4.53876714881463,0.7601018462412461,93.57536447759347,0.0784320907037171,이촌1동 | 여의동 | 한강로동 | 역삼1동 | 종로1.2.3.4가동,468215.87,-637559.32,0.42342772222986846,11110615,종로1.2.3.4가동,13113292.16,86728.26,0.0784320907037171,0.30782946022911206,0.25,442.0
11170640,이촌2동,2,92,265875.23,139140.46,0.5233299092961763,126734.76999999999,0.4766700907038237,2,139140.46,0.5233299092961763,330,0.024487811637320472,4.5437500205299175,0.7835277501619106,94.04280213827815,0.10836236982286768,한강로동 | 여의동 | 이촌2동 | 이촌1동 | 명동,57359.93,-208515.3,0.21574002963720992,11110615,종로1.2.3.4가동,13113292.16,10616.13,0.03992899225700717,0.30782946022911206,0.25,442.0
11170650,이태원1동,2,92,260911.9,148418.58,0.5688455758438001,112493.32,0.43115442415619987,2,148418.58,0.5688455758438001,357,0.02538200351997865,4.4388421165751035,0.7551959260120277,84.67683898071893,0.09553684596218111,이태원1동 | 한남동 | 한강로동 | 여의동 | 명동,481372.23,220460.33,1.8449608086101092,11110615,종로1.2.3.4가동,13113292.16,24926.7,0.09553684596218111,0.30782946022911206,0.25,442.0
11170660,이태원2동,2,92,385446.93,206755.62,0.5364048949618044,178691.31,0.4635951050381955,2,206755.62,0.5364048949618044,352,0.020232930625775795,4.574955265221831,0.7802256192819257,97.02369870621123,0.0761580329618918,이태원2동 | 한남동 | 한강로동 | 회현동 | 역삼1동,341223.93,-44223.0,0.8852682521041223,11110615,종로1.2.3.4가동,13113292.16,29354.88,0.0761580329618918,0.30782946022911206,0.25,442.0
11170685,한남동,2,92,636956.21,339638.55,0.5332211927096213,297317.66,0.4667788072903787,2,339638.55,0.5332211927096213,416,0.04989277620433713,4.2574192153421535,0.7059594443430981,70.62747374578292,0.19836741995183627,한남동 | 역삼1동 | 명동 | 종로1.2.3.4가동 | 여의동,2093226.36,1456270.1500000001,3.2862955524054005,11110615,종로1.2.3.4가동,13113292.16,126351.36,0.19836741995183627,0.30782946022911206,0.25,442.0
11170690,서빙고동,2,92,559618.31,280426.74,0.5011035825471829,279191.57000000007,0.49889641745281715,2,280426.74,0.5011035825471829,387,0.0230675684360672,4.600998955149945,0.7721837888682614,99.5837456661819,0.0830603809228472,한강로동 | 서빙고동 | 여의동 | 종로1.2.3.4가동 | 한남동,435694.95,-123923.36000000004,0.7785573527785393,11110615,종로1.2.3.4가동,13113292.16,45324.14,0.08099116699737718,0.30782946022911206,0.25,442.0
11170700,보광동,2,92,296955.8,149804.04,0.5044657824497788,147151.75999999998,0.49553421755022126,2,149804.04,0.5044657824497788,339,0.019087729601360244,4.588901074060052,0.7876589408652387,98.3862515287408,0.07579360295370556,한남동 | 이태원1동 | 보광동 | 한강로동 | 여의동,162684.9,-134270.9,0.5478421367759108,11110615,종로1.2.3.4가동,13113292.16,11702.6,0.03940855844539828,0.30782946022911206,0.25,442.0
11200645,옥수동,2,92,1390101.59,528554.25,0.3802270667138795,861547.3400000001,0.6197729332861205,2,528554.25,0.3802270667138795,389,0.01986562064998121,4.643615716492466,0.7786625194249395,103.9194122436644,0.08023307131099676,옥수동 | 역삼1동 | 여의동 | 종로1.2.3.4가동 | 명동,508859.23,-881242.3600000001,0.3660590230675155,11110615,종로1.2.3.4가동,13113292.16,111532.12,0.08023307131099676,0.30782946022911206,0.25,442.0
11380510,녹번동,2,92,1974577.21,1308040.98,0.6624410397200928,666536.23,0.3375589602799072,2,1308040.98,0.6624410397200928,408,0.01908139673739775,4.681825290628602,0.7788416576397914,107.96696391220343,0.0683857786447358,녹번동 | 종로1.2.3.4가동 | 명동 | 사직동 | 대조동,982926.04,-991651.1699999999,0.49779063336804136,11110615,종로1.2.3.4가동,13113292.16,135033.0,0.0683857786447358,0.30782946022911206,0.25,442.0
11380520,불광1동,2,92,1911102.15,1245310.35,0.6516189362248377,665791.7999999998,0.3483810637751623,2,1245310.35,0.6516189362248377,405,0.018038012282209904,4.692923438763906,0.7816475203997421,109.17187102299168,0.06028583035187314,종로1.2.3.4가동 | 불광1동 | 대조동 | 진관동 | 사직동,660341.14,-1250761.0099999998,0.3455289608669008,11110615,종로1.2.3.4가동,13113292.16,102075.8,0.05341200626036657,0.30782946022911206,0.25,442.0
11380530,불광2동,2,92,1267677.98,842301.12,0.664444072776274,425376.86,0.335555927223726,2,842301.12,0.664444072776274,392,0.01911393199332004,4.641542028635703,0.777313431091908,103.70413910220522,0.0564851729932234,진관동 | 불광2동 | 종로1.2.3.4가동 | 불광1동 | 명동,391752.64,-875925.34,0.3090316674901934,11110615,종로1.2.3.4가동,13113292.16,70437.74,0.055564379212455835,0.30782946022911206,0.25,442.0
11380551,갈현1동,2,92,718983.16,471403.1,0.6556524912210738,247580.06000000006,0.3443475087789261,2,471403.1,0.6556524912210738,382,0.017544428050580547,4.666084670733662,0.7848199442742622,106.280802400242,0.05480702774735364,종로1.2.3.4가동 | 갈현1동 | 진관동 | 불광2동 | 대조동,351246.18,-367736.98000000004,0.4885318593553707,11110615,종로1.2.3.4가동,13113292.16,37576.01,0.05226271224488763,0.30782946022911206,0.25,442.0
11380552,갈현2동,2,92,1191542.69,785228.13,0.6590012565978648,406314.55999999994,0.3409987434021352,2,785228.13,0.6590012565978648,381,0.015061585073078672,4.7372613597945055,0.7971430736198303,114.1212363199202,0.04379953017042134,종로1.2.3.4가동 | 갈현2동 | 구산동 | 진관동 | 대조동,326599.45,-864943.24,0.27409798468907565,11110615,종로1.2.3.4가동,13113292.16,51748.31,0.04342967351006115,0.30782946022911206,0.25,442.0
11380560,구산동,2,92,1451500.59,998603.53,0.6879801061603427,452897.06000000006,0.3120198938396574,2,998603.53,0.6879801061603427,396,0.017194476946390348,4.705521053502206,0.7866903858034802,110.55587546839995,0.06268848984759971,구산동 | 역촌동 | 종로1.2.3.4가동 | 상암동 | 갈현2동,483276.79,-968223.8,0.33294977165665496,11110615,종로1.2.3.4가동,13113292.16,90992.38,0.06268848984759971,0.30782946022911206,0.25,442.0
11380570,대조동,2,92,1537118.58,988564.8200000001,0.6431285346898871,548553.76,0.3568714653101129,2,988564.8200000001,0.6431285346898871,414,0.016737739337491914,4.729631212344368,0.7848882190358316,113.25378804722463,0.05511424499208122,종로1.2.3.4가동 | 대조동 | 녹번동 | 명동 | 사직동,865754.28,-671364.3,0.5632319401148609,11110615,종로1.2.3.4가동,13113292.16,78860.36,0.05130401845770415,0.30782946022911206,0.25,442.0
11380580,응암1동,2,92,1756695.64,1155092.3,0.657536953868685,601603.3399999999,0.34246304613131495,2,1155092.3,0.6575369538686849,401,0.01644133266174582,4.724777461062356,0.7882562339386741,112.70541423992272,0.04938354603077401,종로1.2.3.4가동 | 응암1동 | 녹번동 | 상암동 | 여의동,567839.93,-1188855.71,0.3232432056357811,11110615,종로1.2.3.4가동,13113292.16,81070.6,0.04614948551930146,0.30782946022911206,0.25,442.0
11380590,응암2동,2,92,1214640.79,779960.81,0.6421328975787155,434679.98,0.35786710242128456,2,779960.81,0.6421328975787155,369,0.017038643862446745,4.674134372339087,0.7907790867837948,107.13978377951345,0.051439537116154316,응암2동 | 여의동 | 종로1.2.3.4가동 | 응암3동 | 상암동,253850.2,-960790.5900000001,0.2089919934271267,11110615,종로1.2.3.4가동,13113292.16,62480.56,0.051439537116154316,0.30782946022911206,0.25,442.0
11380600,응암3동,2,92,1142249.01,765068.95,0.6697917383180747,377180.06000000006,0.33020826168192524,2,765068.95,0.6697917383180747,392,0.014748670522813114,4.783685574567244,0.8011180388524226,119.54412792746822,0.05345730174894177,응암3동 | 상암동 | 서교동 | 여의동 | 명동,554028.4,-588220.61,0.4850329439112405,11110615,종로1.2.3.4가동,13113292.16,61061.55,0.05345730174894177,0.30782946022911206,0.25,442.0
11380625,역촌동,2,92,2217232.63,1475608.96,0.6655183312902986,741623.6699999999,0.3344816687097014,2,1475608.96,0.6655183312902986,418,0.016660755430249106,4.767479609412986,0.7899087525514362,117.62241363199813,0.07378671402648444,역촌동 | 종로1.2.3.4가동 | 상암동 | 서교동 | 대조동,803670.24,-1413562.39,0.3624654576727928,11110615,종로1.2.3.4가동,13113292.16,163602.31,0.07378671402648444,0.30782946022911206,0.25,442.0
11380631,신사1동,2,92,1234845.53,802300.92,0.6497176371525595,432544.61,0.3502823628474405,2,802300.92,0.6497176371525595,392,0.015262015780058005,4.773875160297813,0.7994751006372437,118.37708445905449,0.04669453676525841,역촌동 | 상암동 | 신사1동 | 여의동 | 종로1.2.3.4가동,277802.7,-957042.8300000001,0.22496959599473143,11110615,종로1.2.3.4가동,13113292.16,51674.07,0.04184658626897244,0.30782946022911206,0.25,442.0
11380632,신사2동,2,92,895516.23,591420.81,0.6604244459087024,304095.4199999999,0.33957555409129764,2,591420.81,0.6604244459087024,382,0.013455746548552817,4.810390154039984,0.8090916472884149,122.77951109600244,0.043924765048646855,상암동 | 신사2동 | 역촌동 | 서교동 | 종로1.2.3.4가동,214467.08,-681049.15,0.23948988618553568,11110615,종로1.2.3.4가동,13113292.16,33103.31,0.03696561702739882,0.30782946022911206,0.25,442.0
11380640,증산동,2,92,697893.72,427038.98,0.6118968659010142,270854.74,0.3881031340989857,2,427038.98,0.6118968659010142,362,0.015397696259472165,4.781363562485856,0.8115499494841613,119.26686704429842,0.05859129954629768,상암동 | 서교동 | 여의동 | 증산동 | 북가좌2동,154576.02,-543317.7,0.22148934081252372,11110615,종로1.2.3.4가동,13113292.16,22300.9,0.03195457898661132,0.30782946022911206,0.25,442.0
11380650,수색동,2,92,1074806.04,664098.68,0.6178776963330054,410707.36,0.3821223036669946,2,664098.68,0.6178776963330054,378,0.022686724805080327,4.6002364468233425,0.7751168420523273,99.50784117349875,0.09105934127426378,상암동 | 수색동 | 여의동 | 서교동 | 명동,337017.78,-737788.26,0.3135614868706916,11110615,종로1.2.3.4가동,13113292.16,67659.44,0.06295037195734404,0.30782946022911206,0.25,442.0
11380690,진관동,2,92,2592647.4,1702148.92,0.6565292758282518,890498.48,0.3434707241717482,2,1702148.92,0.6565292758282518,415,0.0367484255399805,4.427716796170205,0.7344910792211968,83.74000297940287,0.15458052259632374,진관동 | 종로1.2.3.4가동 | 명동 | 여의동 | 사직동,1184665.42,-1407981.98,0.45693271672808267,11110615,종로1.2.3.4가동,13113292.16,400772.79,0.15458052259632374,0.30782946022911206,0.25,442.0
11410520,천연동,2,92,833326.49,558893.48,0.6706776836051378,274433.01,0.32932231639486226,2,558893.48,0.6706776836051378,359,0.025687140347080563,4.41330139444507,0.7501376098444724,82.54151628368427,0.08041995640868203,종로1.2.3.4가동 | 천연동 | 소공동 | 사직동 | 충현동,231176.32,-602150.1699999999,0.27741386212263575,11110615,종로1.2.3.4가동,13113292.16,44259.3,0.05311159615242761,0.30782946022911206,0.25,442.0
11410555,북아현동,2,92,540813.29,341738.22,0.6318968603748624,199075.07000000007,0.36810313962513763,2,341738.22,0.6318968603748625,360,0.02535764995537689,4.40008762977352,0.747538202903538,81.45800649888102,0.06434102238870647,여의동 | 명동 | 종로1.2.3.4가동 | 소공동 | 신촌동,244237.43,-296575.86000000004,0.4516113685002082,11110615,종로1.2.3.4가동,13113292.16,16985.65,0.03140760464669794,0.30782946022911206,0.25,442.0
11410565,충현동,2,92,1274166.3800000001,823095.5599999999,0.6459875043948341,451070.8200000002,0.3540124956051659,2,823095.5599999999,0.6459875043948342,415,0.02978390850253488,4.392009610140152,0.7285677984852088,80.8026377277922,0.094473666774978,충현동 | 소공동 | 종로1.2.3.4가동 | 명동 | 여의동,3680948.39,2406782.01,2.8889071692505337,11110615,종로1.2.3.4가동,13113292.16,120375.17,0.094473666774978,0.30782946022911206,0.25,442.0
11410585,신촌동,2,92,1102160.58,728887.13,0.6613257117216077,373273.45000000007,0.3386742882783923,2,728887.13,0.6613257117216077,424,0.05276670974949086,4.177965465065748,0.6906032300402494,65.23299929593477,0.1950176806359741,신촌동 | 서교동 | 충현동 | 여의동 | 명동,2620401.76,1518241.1799999997,2.3775135924385897,11110615,종로1.2.3.4가동,13113292.16,214940.8,0.1950176806359741,0.30782946022911206,0.25,442.0
11410615,연희동,2,92,1564198.51,1014344.58,0.6484756081247002,549853.93,0.3515243918752998,2,1014344.58,0.6484756081247002,410,0.029512688872555527,4.5167031402428055,0.7507621593564338,91.53332743648566,0.11756749467815308,연희동 | 신촌동 | 서교동 | 여의동 | 종로1.2.3.4가동,1213973.86,-350224.6499999999,0.7760996141084421,11110615,종로1.2.3.4가동,13113292.16,183898.9,0.11756749467815308,0.30782946022911206,0.25,442.0
11410620,홍제1동,2,92,1384560.03,881194.35,0.6364435856204804,503365.68000000005,0.3635564143795196,2,881194.35,0.6364435856204804,403,0.01810679525714369,4.707368725454373,0.7847005343105028,110.76033528782,0.05852871543605083,종로1.2.3.4가동 | 홍제1동 | 사직동 | 여의동 | 명동,450273.38,-934286.65,0.3252104424825842,11110615,종로1.2.3.4가동,13113292.16,72705.48,0.05251161266008812,0.30782946022911206,0.25,442.0
11410640,홍제3동,2,92,909839.5,584486.97,0.6424066772216418,325352.53,0.3575933227783582,2,584486.97,0.6424066772216418,391,0.020509054512615272,4.616166883205176,0.7733947151561391,101.10573831361539,0.07616088332062962,홍제3동 | 종로1.2.3.4가동 | 홍제1동 | 명동 | 사직동,450033.53,-459805.97,0.49462958027212495,11110615,종로1.2.3.4가동,13113292.16,69294.18,0.07616088332062962,0.30782946022911206,0.25,442.0
11410655,홍제2동,2,92,649465.07,408290.36,0.6286563802422815,241174.70999999996,0.3713436197577184,2,408290.36,0.6286563802422815,355,0.021416225499178907,4.58421682593237,0.7806752163842238,97.92646363524602,0.08241139127004937,종로1.2.3.4가동 | 사직동 | 홍제1동 | 명동 | 소공동,141087.23,-508377.83999999997,0.2172360555125775,11110615,종로1.2.3.4가동,13113292.16,16131.32,0.02483785617600651,0.30782946022911206,0.25,442.0
11410660,홍은1동,2,92,1083448.8,705825.34,0.651461647287809,377623.4600000001,0.34853835271219097,2,705825.34,0.6514616472878092,391,0.017164632752523314,4.727449417809728,0.7920390420034784,113.00696091239556,0.05172571145032419,종로1.2.3.4가동 | 홍은1동 | 홍제3동 | 명동 | 소공동,212455.4,-870993.4,0.19609177655649254,11110615,종로1.2.3.4가동,13113292.16,53779.1,0.04963695561802274,0.30782946022911206,0.25,442.0
11410685,홍은2동,2,92,1198423.94,779638.35,0.6505530505340206,418785.58999999997,0.34944694946597943,2,779638.35,0.6505530505340206,394,0.015489824493291907,4.750853055906797,0.79494211903044,115.68292645139266,0.05324871931380143,연희동 | 홍은2동 | 서교동 | 종로1.2.3.4가동 | 명동,375578.4,-822845.5399999999,0.3133936059388133,11110615,종로1.2.3.4가동,13113292.16,46362.0,0.03868580929716741,0.30782946022911206,0.25,442.0
11410690,남가좌1동,2,92,641910.38,409834.55,0.6384606991399641,232075.83000000002,0.361539300860036,2,409834.55,0.6384606991399641,344,0.01747870355558507,4.640462940538024,0.7945125232395942,103.59229355647159,0.045422618029638345,여의동 | 남가좌1동 | 상암동 | 종로1.2.3.4가동 | 남가좌2동,233716.33,-408194.05000000005,0.36409495356657107,11110615,종로1.2.3.4가동,13113292.16,26099.03,0.04065837040990052,0.30782946022911206,0.25,442.0
11410700,남가좌2동,2,92,1339012.65,887008.63,0.6624348395812393,452004.0199999999,0.3375651604187607,2,887008.63,0.6624348395812393,399,0.019539116769104248,4.641231611650144,0.7749643533453232,103.67195257183647,0.06860582683815572,남가좌2동 | 연희동 | 여의동 | 상암동 | 서교동,471892.77,-867119.8799999999,0.3524184554940538,11110615,종로1.2.3.4가동,13113292.16,91864.07,0.06860582683815572,0.30782946022911206,0.25,442.0
11410710,북가좌1동,2,92,842597.23,525438.73,0.6235941815284629,317158.5,0.3764058184715371,2,525438.73,0.6235941815284629,362,0.018632041134771727,4.626526258935686,0.7852691188733484,102.1585745930611,0.05644619790644221,북가좌1동 | 여의동 | 상암동 | 명동 | 종로1.2.3.4가동,203070.66,-639526.57,0.24100561071153773,11110615,종로1.2.3.4가동,13113292.16,47561.41,0.05644619790644221,0.30782946022911206,0.25,442.0
11410720,북가좌2동,2,92,1454633.42,968312.6,0.665674654993146,486320.81999999995,0.334325345006854,2,968312.6,0.665674654993146,409,0.016200726747816422,4.755690372850934,0.7908073876881649,116.24387708583146,0.058137891538336865,북가좌2동 | 상암동 | 여의동 | 종로1.2.3.4가동 | 응암3동,479142.15,-975491.2699999999,0.3293903078343959,11110615,종로1.2.3.4가동,13113292.16,84569.32,0.058137891538336865,0.30782946022911206,0.25,442.0
11440555,아현동,2,92,1814557.03,1043151.86,0.5748796222734316,771405.17,0.42512037772656835,2,1043151.86,0.5748796222734316,410,0.030654027066708573,4.380312189051439,0.7280913833825221,79.86296185599429,0.11162272480352958,여의동 | 종로1.2.3.4가동 | 아현동 | 명동 | 소공동,1241359.97,-573197.06,0.6841118518055065,11110615,종로1.2.3.4가동,13113292.16,96529.36,0.053197203727457384,0.30782946022911206,0.25,442.0
11440565,공덕동,2,92,2111229.79,1240191.09,0.5874259144477115,871038.7,0.4125740855522884,2,1240191.09,0.5874259144477115,413,0.027337689523922203,4.457443294043691,0.7400152861382299,86.26666839933746,0.09690228461583046,여의동 | 공덕동 | 종로1.2.3.4가동 | 명동 | 소공동,1443371.71,-667858.0800000001,0.6836639558785308,11110615,종로1.2.3.4가동,13113292.16,137269.94,0.06501894803217986,0.30782946022911206,0.25,442.0
11440585,도화동,2,92,956137.22,526276.47,0.5504193948228477,429860.75,0.4495806051771523,2,526276.47,0.5504193948228477,394,0.02772960865316856,4.448149834769926,0.7442919437427191,85.46866647259134,0.11396479262673197,여의동 | 도화동 | 종로1.2.3.4가동 | 명동 | 소공동,1132147.17,176009.94999999995,1.1840844037009666,11110615,종로1.2.3.4가동,13113292.16,48724.86,0.05096011218975452,0.30782946022911206,0.25,442.0
11440590,용강동,2,92,1071756.41,588319.1,0.5489298636431762,483437.30999999994,0.4510701363568238,2,588319.1,0.5489298636431762,393,0.03366814074421787,4.332712716335829,0.72528470069204,76.15058155936389,0.1329851901702179,여의동 | 용강동 | 종로1.2.3.4가동 | 명동 | 소공동,1058021.25,-13735.159999999916,0.9871844386729631,11110615,종로1.2.3.4가동,13113292.16,69482.67,0.0648306549433187,0.30782946022911206,0.25,442.0
11440600,대흥동,2,92,894769.74,538893.69,0.6022708032124555,355876.05000000005,0.39772919678754454,2,538893.69,0.6022708032124555,407,0.02481277825813629,4.477951156287345,0.7452305502084785,88.05407868890312,0.07845660940657202,여의동 | 대흥동 | 신촌동 | 종로1.2.3.4가동 | 소공동,1404399.29,509629.55000000005,1.5695650257461768,11110615,종로1.2.3.4가동,13113292.16,61120.21,0.06830831136511166,0.30782946022911206,0.25,442.0
11440610,염리동,2,92,1002654.86,562896.78,0.5614063248045295,439758.07999999996,0.43859367519547054,2,562896.78,0.5614063248045295,394,0.02622242810790703,4.44411041135515,0.7436160424316881,85.12411869568808,0.10536883050664114,여의동 | 명동 | 종로1.2.3.4가동 | 대흥동 | 소공동,1002624.25,-30.60999999998603,0.9999694710500879,11110615,종로1.2.3.4가동,13113292.16,25339.05,0.025271956493583443,0.30782946022911206,0.25,442.0
11440630,신수동,2,92,1099765.57,614040.2,0.5583373554784042,485725.3700000001,0.4416626445215957,2,614040.2,0.5583373554784045,381,0.02246649411387594,4.545492073047602,0.7648738895801428,94.20677241946647,0.08919704587587697,여의동 | 신수동 | 대흥동 | 종로1.2.3.4가동 | 서교동,587956.06,-511809.51,0.5346194462152511,11110615,종로1.2.3.4가동,13113292.16,54269.98,0.04934686216808915,0.30782946022911206,0.25,442.0
11440655,서강동,2,92,1197470.39,668300.38,0.5580934489745505,529170.0099999999,0.4419065510254495,2,668300.38,0.5580934489745504,398,0.025441663965237213,4.511212518296505,0.7535703141550805,91.03212974270375,0.08875649944045799,여의동 | 서교동 | 서강동 | 명동 | 상암동,819978.59,-377491.79999999993,0.6847589692802342,11110615,종로1.2.3.4가동,13113292.16,77447.94,0.06467628815439855,0.30782946022911206,0.25,442.0
11440660,서교동,2,92,1227106.74,727855.01,0.5931472676940883,499251.73,0.4068527323059117,2,727855.01,0.5931472676940883,421,0.031221421356572156,4.543257738285822,0.7518672511361509,93.9965179299822,0.1445425440332925,서교동 | 여의동 | 명동 | 상암동 | 신촌동,4432783.41,3205676.67,3.6123861645483264,11110615,종로1.2.3.4가동,13113292.16,177369.13,0.1445425440332925,0.30782946022911206,0.25,442.0
11440680,합정동,2,92,781439.24,439465.39,0.5623794755942894,341973.85,0.43762052440571064,2,439465.39,0.5623794755942894,386,0.023696384028038718,4.539720389884465,0.7622304150142345,93.66460688614517,0.09391085863566309,서교동 | 합정동 | 여의동 | 명동 | 종로1.2.3.4가동,890643.23,109203.98999999999,1.1397472566133229,11110615,종로1.2.3.4가동,13113292.16,47556.39,0.06085743787322479,0.30782946022911206,0.25,442.0
11440690,망원1동,2,92,955168.17,567790.53,0.5944403800641723,387377.64,0.4055596199358276,2,567790.53,0.5944403800641723,399,0.021450209457012204,4.639743501424272,0.7747158778380884,103.51779201148003,0.0903802520973872,서교동 | 망원1동 | 상암동 | 여의동 | 합정동,638161.46,-317006.7100000001,0.6681142442173298,11110615,종로1.2.3.4가동,13113292.16,52923.53,0.0554075519497263,0.30782946022911206,0.25,442.0
11440700,망원2동,2,92,862053.15,536317.97,0.6221402589851913,325735.18000000005,0.3778597410148087,2,536317.97,0.6221402589851913,359,0.02128023180813596,4.549882879769749,0.7733526363730073,94.62132559449107,0.07637051149340386,서교동 | 망원1동 | 여의동 | 망원2동 | 상암동,216889.4,-645163.75,0.25159631978608277,11110615,종로1.2.3.4가동,13113292.16,34568.38,0.040100056475636095,0.30782946022911206,0.25,442.0
11440710,연남동,2,92,654634.18,375771.08999999997,0.5740169112465223,278863.0900000001,0.4259830887534776,2,375771.08999999997,0.5740169112465224,377,0.022053783491881217,4.549930627319075,0.7669829016754459,94.62584363876408,0.08688803875165821,서교동 | 연남동 | 여의동 | 연희동 | 신촌동,590513.89,-64120.29000000004,0.90205172299436,11110615,종로1.2.3.4가동,13113292.16,38781.02,0.059240750307293755,0.30782946022911206,0.25,442.0
11440720,성산1동,2,92,946838.84,587147.65,0.620113608774224,359691.18999999994,0.37988639122577605,2,587147.65,0.620113608774224,385,0.021498519022505297,4.596213602931671,0.7720520302705783,99.10834076511787,0.08839827483207174,서교동 | 성산1동 | 상암동 | 여의동 | 명동,633245.24,-313593.6,0.6687993914571565,11110615,종로1.2.3.4가동,13113292.16,41796.47,0.044143172242490605,0.30782946022911206,0.25,442.0
11440730,성산2동,2,92,2102748.43,1312701.01,0.6242786779776599,790047.4200000002,0.3757213220223401,2,1312701.01,0.6242786779776599,405,0.02169476971560115,4.616435884655061,0.7689078480418298,101.13293956223707,0.07098539600383864,성산2동 | 상암동 | 서교동 | 여의동 | 종로1.2.3.4가동,867354.32,-1235394.1100000003,0.41248601479160296,11110615,종로1.2.3.4가동,13113292.16,149264.43,0.07098539600383864,0.30782946022911206,0.25,442.0
11440740,상암동,2,92,1413232.55,900693.94,0.6373288953753576,512538.6100000001,0.36267110462464236,2,900693.94,0.6373288953753578,423,0.056168578125781965,4.342030952384432,0.7180029314929989,76.86348700575817,0.2176019297036429,상암동 | 여의동 | 서교동 | 성산2동 | 종로1.2.3.4가동,4142309.87,2729077.3200000003,2.931088637889072,11110615,종로1.2.3.4가동,13113292.16,307522.13,0.2176019297036429,0.30782946022911206,0.25,442.0
11470510,목1동,3,86,1292353.8699999999,751503.89,0.581500088671534,540849.9799999999,0.41849991132846603,3,751503.89,0.5815000886715339,386,0.023439622503286708,4.592001450967145,0.7710085360137637,98.69175934091855,0.10168472664534212,여의동 | 목1동 | 종로1.2.3.4가동 | 목5동 | 명동,1514653.46,222299.59000000008,1.172011393442881,11560540,여의동,19495740.23,77339.58,0.05984396518269412,0.30782946022911206,0.25,442.0
11470520,목2동,3,86,1618466.06,905771.11,0.5596478865920734,712694.9500000001,0.44035211340792657,3,905771.11,0.5596478865920734,389,0.02002875386509758,4.6714923791935234,0.7833370045109622,106.85709480075666,0.09412450700387255,여의동 | 목2동 | 염창동 | 목5동 | 가양1동,349878.02999999997,-1268588.03,0.21617878721534634,11560540,여의동,19495740.23,62220.24,0.03844395723689133,0.30782946022911206,0.25,442.0
11470530,목3동,3,86,776997.92,475066.89,0.6114133355723783,301931.03,0.38858666442762163,3,475066.89,0.6114133355723783,361,0.019829468789687367,4.619667309536748,0.784473263365872,101.46027164918544,0.08973987986994868,여의동 | 염창동 | 목3동 | 가양1동 | 등촌1동,324483.64,-452514.28,0.4176119802225468,11560540,여의동,19495740.23,25569.13,0.03290759130989694,0.30782946022911206,0.25,442.0
11470540,목4동,3,86,1084527.68,665767.61,0.6138779325577011,418760.06999999995,0.38612206744229893,3,665767.61,0.6138779325577011,374,0.016658675350589368,4.722112702568997,0.7970811632795843,112.40548133194504,0.07199155119766054,여의동 | 목4동 | 목1동 | 목5동 | 영등포동,351761.41,-732766.27,0.3243452578361117,11560540,여의동,19495740.23,45109.72,0.04159388536768375,0.30782946022911206,0.25,442.0
11470550,목5동,3,86,1681889.86,955892.99,0.5683445823259794,725996.8700000001,0.4316554176740206,3,955892.99,0.5683445823259794,406,0.024048789834242964,4.60784758689953,0.7671622804152705,100.26809883502153,0.10278636794920686,여의동 | 목5동 | 목1동 | 명동 | 종로1.2.3.4가동,888930.29,-792959.5700000001,0.5285306197160853,11560540,여의동,19495740.23,115694.73,0.06878852935114312,0.30782946022911206,0.25,442.0
11470560,신월1동,3,86,760471.95,535373.93,0.704002205472536,225098.0199999999,0.29599779452746405,3,535373.93,0.7040022054725359,364,0.017962106072161494,4.598264275431838,0.7797429707009786,99.31178804463701,0.06270106346460248,신월1동 | 화곡1동 | 가양1동 | 여의동 | 가산동,296904.91,-463567.04,0.3904219083951749,11560540,여의동,19495740.23,47682.4,0.06270106346460248,0.30782946022911206,0.25,442.0
11470570,신월2동,3,86,735639.8,474005.88,0.644345072139925,261633.92000000004,0.355654927860075,3,474005.88,0.644345072139925,347,0.014809238703467177,4.703861669387022,0.8041717371401894,110.37257293152753,0.05065015514386252,여의동 | 신정4동 | 신정3동 | 신월2동 | 목1동,249543.97,-486095.8300000001,0.3392203222283514,11560540,여의동,19495740.23,21697.97,0.029495372599470555,0.30782946022911206,0.25,442.0
11470580,신월3동,3,86,417798.55,294294.31,0.7043928467439631,123504.23999999999,0.29560715325603687,3,294294.31,0.7043928467439631,331,0.017360934773061817,4.569905244263479,0.7876270266489511,96.53496209802054,0.05362311573364723,가양1동 | 신월3동 | 여의동 | 발산1동 | 화곡1동,240533.26,-177265.28999999998,0.575715880296856,11560540,여의동,19495740.23,17043.79,0.04079427752920636,0.30782946022911206,0.25,442.0
11470590,신월4동,3,86,502765.23,347510.27,0.6911978976748253,155254.95999999996,0.30880210232517463,3,347510.27,0.6911978976748253,291,0.016584793415475634,4.557878280822304,0.8033877264136037,95.38089351946849,0.046303818583476826,여의동 | 신월7동 | 가산동 | 신정4동 | 화곡8동,133844.54,-368920.68999999994,0.2662167787537734,11560540,여의동,19495740.23,11828.67,0.023527223630798812,0.30782946022911206,0.25,442.0
11470600,신월5동,3,86,532799.09,360606.79,0.6768157017685597,172192.3,0.3231842982314403,3,360606.79,0.6768157017685597,318,0.01811454524679792,4.516907644077662,0.7839061723011336,91.5520482671392,0.05610394342077424,여의동 | 가양1동 | 발산1동 | 신월5동 | 화곡1동,194253.88999999998,-338545.19999999995,0.3645912570909233,11560540,여의동,19495740.23,19634.44,0.036851489367220956,0.30782946022911206,0.25,442.0
11470610,신월6동,3,86,320068.89,206355.08000000002,0.6447208286940977,113713.81,0.35527917130590225,3,206355.08000000002,0.6447208286940977,308,0.016597550616916326,4.608391507698757,0.8042428024363795,100.32265157431664,0.05791350105910012,여의동 | 신정3동 | 가산동 | 신정4동 | 가양1동,201238.28,-118830.61000000002,0.6287342703003719,11560540,여의동,19495740.23,4403.19,0.013757007124310017,0.30782946022911206,0.25,442.0
11470611,신월7동,3,86,731790.5599999999,510987.49,0.6982701307324872,220803.06999999995,0.3017298692675128,3,510987.49,0.6982701307324871,353,0.01670307600336924,4.658383700907507,0.7940695586677553,105.46548056167703,0.06152791858916574,신월7동 | 신정3동 | 가산동 | 여의동 | 영등포동,292848.06,-438942.49999999994,0.40018015537123086,11560540,여의동,19495740.23,45025.55,0.06152791858916574,0.30782946022911206,0.25,442.0
11470620,신정1동,3,86,721360.97,467907.08,0.6486448525209231,253453.88999999996,0.3513551474790769,3,467907.08,0.6486448525209231,343,0.018466652597798585,4.612256576381326,0.790077003062115,100.71115582723193,0.068006424023745,여의동 | 신정1동 | 신정3동 | 가산동 | 신정7동,433662.77999999997,-287698.19,0.6011730576440807,11560540,여의동,19495740.23,30889.95,0.04282176508662508,0.30782946022911206,0.25,442.0
11470630,신정2동,3,86,789161.56,453182.27,0.5742579124102294,335979.29000000004,0.4257420875897706,3,453182.27,0.5742579124102294,362,0.01957639955306565,4.608026080215425,0.7821290482826756,100.2859976178201,0.0718234172480474,여의동 | 목1동 | 신정2동 | 종로1.2.3.4가동 | 명동,433372.43,-355789.13000000006,0.5491555239968859,11560540,여의동,19495740.23,37516.85,0.047540138675786485,0.30782946022911206,0.25,442.0
11470640,신정3동,3,86,2174430.57,1490931.19,0.6856651164539137,683499.3799999999,0.31433488354608624,3,1490931.19,0.6856651164539137,395,0.018181831668908337,4.66348004115548,0.7799914941563704,106.00434047546595,0.0641620118503025,신정3동 | 여의동 | 가산동 | 신정4동 | 신정1동,681370.98,-1493059.5899999999,0.31335605256874216,11560540,여의동,19495740.23,139515.84,0.0641620118503025,0.30782946022911206,0.25,442.0
11470650,신정4동,3,86,1697681.63,1065869.17,0.6278380770368588,631812.46,0.3721619229631412,3,1065869.17,0.6278380770368588,406,0.019119467856003453,4.676956004970487,0.7786681669714881,107.44251979359936,0.07008295189010204,여의동 | 신정4동 | 목1동 | 영등포동 | 종로1.2.3.4가동,1049888.16,-647793.47,0.6184246453794755,11560540,여의동,19495740.23,112448.48,0.06623649453048508,0.30782946022911206,0.25,442.0
11470670,신정6동,3,86,796712.65,458738.77999999997,0.5757895020243496,337973.87000000005,0.42421049797565036,3,458738.77999999997,0.5757895020243498,356,0.01902740659727075,4.648200732427162,0.7911924319409025,104.39697839229572,0.08347598095750079,여의동 | 신정7동 | 신정4동 | 가산동 | 종로1.2.3.4가동,254845.63,-541867.02,0.3198714492609098,11560540,여의동,19495740.23,13668.86,0.01715657458181441,0.30782946022911206,0.25,442.0
11470680,신정7동,3,86,1256574.35,748339.28,0.5955391975015246,508235.07000000007,0.4044608024984753,3,748339.28,0.5955391975015246,386,0.017438158297293706,4.712220412543457,0.7911936005342737,111.2990154737103,0.0660300920514572,여의동 | 신정7동 | 가산동 | 명동 | 신정1동,484842.48,-771731.8700000001,0.38584464182322353,11560540,여의동,19495740.23,73655.43,0.05861605403611811,0.30782946022911206,0.25,442.0
11500510,염창동,3,86,2244300.98,1274636.81,0.5679437924587103,969664.1699999999,0.4320562075412897,3,1274636.81,0.5679437924587103,401,0.02873564565582976,4.5159938451514225,0.7534239083651757,91.46842631638096,0.12208708744582021,여의동 | 염창동 | 가양1동 | 역삼1동 | 명동,1093618.73,-1150682.25,0.4872870170916202,11560540,여의동,19495740.23,163177.74,0.07270760092079985,0.30782946022911206,0.25,442.0
11500520,등촌1동,3,86,1693099.96,1006607.74,0.5945353279672867,686492.22,0.4054646720327133,3,1006607.74,0.5945353279672867,387,0.03252494244424728,4.372309877106678,0.7338029936371345,79.22642380723396,0.1336014383935134,여의동 | 가양1동 | 등촌1동 | 염창동 | 역삼1동,1022664.06,-670435.8999999999,0.6040187136972114,11560540,여의동,19495740.23,73067.38,0.043155975267993044,0.30782946022911206,0.25,442.0
11500530,등촌2동,3,86,1017694.5,613418.97,0.6027535473563038,404275.53,0.3972464526436961,3,613418.97,0.6027535473563038,367,0.020825952558567944,4.585157450407376,0.7764397116356019,98.01861899869256,0.0894502918115407,여의동 | 가양1동 | 등촌2동 | 등촌1동 | 염창동,299739.5,-717955.0,0.29452797475077247,11560540,여의동,19495740.23,42837.13,0.04209232731433647,0.30782946022911206,0.25,442.0
11500535,등촌3동,3,86,1493081.64,984035.24,0.6590632512231549,509046.3999999999,0.34093674877684516,3,984035.24,0.6590632512231549,406,0.028591066834246483,4.385964207238192,0.7302208329569845,80.31562679905484,0.09367552734758697,가양1동 | 등촌3동 | 여의동 | 발산1동 | 공항동,1488852.16,-4229.479999999981,0.9971672814890417,11560540,여의동,19495740.23,116461.26,0.07800059747570133,0.30782946022911206,0.25,442.0
11500540,화곡1동,3,86,2633063.6,1650283.3699999999,0.6267540860008091,982780.2300000002,0.373245913999191,3,1650283.3699999999,0.6267540860008091,414,0.017890033376197354,4.681918684535688,0.7769702653315956,107.97704783968078,0.0638959081732777,여의동 | 화곡1동 | 가양1동 | 화곡8동 | 가산동,1261101.4,-1371962.2000000002,0.478948324681561,11560540,여의동,19495740.23,128825.67,0.04892615203066116,0.30782946022911206,0.25,442.0
11500550,화곡2동,3,86,765720.89,495258.67,0.6467874606372565,270462.22000000003,0.35321253936274355,3,495258.67,0.6467874606372566,368,0.015024304044499458,4.7079642241094195,0.796868336714403,110.82631256125548,0.04726203826044239,여의동 | 화곡8동 | 가양1동 | 가산동 | 영등포동,206095.5,-559625.39,0.2691522494573708,11560540,여의동,19495740.23,15967.21,0.02085251977388262,0.30782946022911206,0.25,442.0
11500560,화곡3동,3,86,1021390.76,653102.43,0.6394246507575613,368288.32999999996,0.3605753492424388,3,653102.43,0.6394246507575612,376,0.018620717325668626,4.610748248319025,0.7775830899614573,100.55936486876978,0.060749384496096286,가양1동 | 여의동 | 화곡3동 | 발산1동 | 등촌3동,503578.33,-517812.43,0.4930320007985974,11560540,여의동,19495740.23,42135.98,0.041253535522487006,0.30782946022911206,0.25,442.0
11500570,화곡4동,3,86,845205.83,558842.28,0.661190753972911,286363.54999999993,0.338809246027089,3,558842.28,0.661190753972911,372,0.015252268816336068,4.6835523826283145,0.7912884565833231,108.15359390900592,0.043417163840433995,여의동 | 화곡4동 | 가양1동 | 영등포동 | 화곡2동,217376.5,-627829.33,0.2571876485991584,11560540,여의동,19495740.23,32632.1,0.03860846534861218,0.30782946022911206,0.25,442.0
11500590,화곡본동,3,86,1676152.03,1081265.56,0.6450879995652901,594886.47,0.35491200043470994,3,1081265.56,0.64508799956529,401,0.018675220168388785,4.593876715525173,0.7664174638490234,98.87700613847014,0.06063937410259856,여의동 | 가양1동 | 화곡본동 | 화곡6동 | 발산1동,365255.9,-1310896.13,0.21791334763350792,11560540,여의동,19495740.23,64666.54,0.038580354790370655,0.30782946022911206,0.25,442.0
11500591,화곡6동,3,86,1321256.6199999999,839899.2799999999,0.6356821735356755,481357.33999999997,0.36431782646432453,3,839899.2799999999,0.6356821735356755,393,0.02205353407788106,4.490150449394286,0.7516393626728382,89.13485515489245,0.06719052805956802,화곡6동 | 가양1동 | 여의동 | 등촌3동 | 발산1동,694301.6799999999,-626954.94,0.5254858666289974,11560540,여의동,19495740.23,88775.93,0.06719052805956802,0.30782946022911206,0.25,442.0
11500593,화곡8동,3,86,1444821.3800000001,910764.14,0.6303645229834569,534057.2400000001,0.3696354770165431,3,910764.14,0.6303645229834569,416,0.016200457519474364,4.715633461422097,0.7819399053197821,111.67953344750389,0.058935209001406114,여의동 | 가양1동 | 화곡8동 | 가산동 | 영등포동,1891633.06,446811.67999999993,1.309250462503538,11560540,여의동,19495740.23,57962.57,0.040117464208620716,0.30782946022911206,0.25,442.0
11500603,가양1동,3,86,2098444.83,1405039.18,0.6695621252048832,693405.6500000001,0.33043787479511677,3,1405039.18,0.6695621252048832,410,0.04558029995203641,4.1155644009697046,0.6840852543779052,61.286794829613186,0.15726651245818074,가양1동 | 여의동 | 발산1동 | 등촌3동 | 공항동,4438454.05,2340009.2199999997,2.115115911815513,11560540,여의동,19495740.23,330015.1,0.15726651245818074,0.30782946022911206,0.25,442.0
11500604,가양2동,3,86,625439.41,387301.52,0.6192470666343204,238137.89,0.38075293336567967,3,387301.52,0.6192470666343204,347,0.02519645240350275,4.4406598046014345,0.7591747717318199,84.83089502754095,0.08233561745013797,가양1동 | 여의동 | 가양2동 | 등촌3동 | 가산동,369380.43,-256058.98000000004,0.5905934677189594,11560540,여의동,19495740.23,36021.08,0.057593236729358004,0.30782946022911206,0.25,442.0
11500605,가양3동,3,86,677750.15,393692.71,0.5808817747956234,284057.44,0.4191182252043766,3,393692.71,0.5808817747956234,327,0.024220075519525798,4.473574252059278,0.7726433550519607,87.66951662917408,0.09828974585988656,여의동 | 가양1동 | 가양3동 | 등촌3동 | 등촌1동,459747.52,-218002.63,0.6783436639593514,11560540,여의동,19495740.23,26906.42,0.039699614968731464,0.30782946022911206,0.25,442.0
11500611,발산1동,3,86,1662827.02,1166658.66,0.7016115602932649,496168.3600000001,0.2983884397067352,3,1166658.66,0.7016115602932649,409,0.028987608425084355,4.381842935620676,0.7286415837666735,79.98530542547458,0.09071796295443887,가양1동 | 발산1동 | 여의동 | 등촌3동 | 공항동,1794561.4,131734.3799999999,1.0792231413223006,11560540,여의동,19495740.23,150294.98,0.09038521637686643,0.30782946022911206,0.25,442.0
11500615,우장산동,3,86,1615609.38,1042897.59,0.6455134532581137,572711.7899999999,0.3544865467418863,3,1042897.59,0.6455134532581137,387,0.022551798742130053,4.484086339763545,0.752562392037793,88.59596721049499,0.06970155743958358,가양1동 | 여의동 | 발산1동 | 우장산동 | 등촌3동,536808.62,-1078800.7599999998,0.3322638669007975,11560540,여의동,19495740.23,74870.66,0.046342055775883156,0.30782946022911206,0.25,442.0
11500620,공항동,3,86,1344685.18,941033.4,0.6998168894818935,403651.7799999999,0.3001831105181065,3,941033.4,0.6998168894818935,392,0.036772898059011856,4.198708398994878,0.7031526185999935,66.60025450895868,0.10804972209182821,공항동 | 가양1동 | 발산1동 | 여의동 | 방화2동,1536268.93,191583.75,1.1424747984505934,11560540,여의동,19495740.23,145292.86,0.10804972209182821,0.30782946022911206,0.25,442.0
11500630,방화1동,3,86,1722683.19,1142773.94,0.6633686023255384,579909.25,0.33663139767446154,3,1142773.94,0.6633686023255384,385,0.03098485473182006,4.318097262778028,0.7253352534588816,75.04570011080958,0.10845357468194718,가양1동 | 방화1동 | 여의동 | 공항동 | 발산1동,792449.51,-930233.6799999999,0.4600088481736448,11560540,여의동,19495740.23,128462.73,0.07457130292192611,0.30782946022911206,0.25,442.0
11500640,방화2동,3,86,1068831.59,744837.44,0.6968707202974791,323994.15000000014,0.30312927970252085,3,744837.44,0.6968707202974793,397,0.03205698618752555,4.247790088397369,0.7098655281652758,69.95065664372925,0.10098949264776126,가양1동 | 방화2동 | 방화1동 | 공항동 | 여의동,965854.78,-102976.81000000006,0.9036547843800162,11560540,여의동,19495740.23,79806.17,0.07466673959365291,0.30782946022911206,0.25,442.0
11500641,방화3동,3,86,884085.48,599184.86,0.6777453917691307,284900.62,0.32225460823086927,3,599184.86,0.6777453917691307,349,0.029901959793729258,4.2676511055327735,0.7288810730658738,71.35383599398205,0.08939660450027978,가양1동 | 여의동 | 방화3동 | 방화1동 | 공항동,349377.48000000004,-534708.0,0.3951851805099209,11560540,여의동,19495740.23,55764.19,0.06307556368870576,0.30782946022911206,0.25,442.0
11530510,신도림동,3,86,1896744.98,1042856.92,0.5498139871180785,853888.0599999999,0.4501860128819215,3,1042856.92,0.5498139871180785,392,0.02482563092775199,4.4944876323759955,0.7526864091650203,89.52228890995232,0.07930552688216419,신도림동 | 여의동 | 가산동 | 구로2동 | 구로3동,1317423.37,-579321.6099999999,0.6945706375350471,11560540,여의동,19495740.23,150422.36,0.07930552688216419,0.30782946022911206,0.25,442.0
11530520,구로1동,3,86,1015015.05,598159.25,0.5893107200725742,416855.80000000005,0.4106892799274257,3,598159.25,0.5893107200725742,362,0.0260249747519187,4.488117638755612,0.7617767599996982,88.95384491516009,0.1005196228371195,가산동 | 구로2동 | 구로1동 | 여의동 | 구로3동,337392.56,-677622.49,0.33240153434178143,11560540,여의동,19495740.23,49965.33,0.04922619620270655,0.30782946022911206,0.25,442.0
11530530,구로2동,3,86,1127185.02,702692.22,0.6234045054999044,424492.80000000005,0.3765954945000955,3,702692.22,0.6234045054999044,389,0.031926046975814845,4.381349774648177,0.734684578203291,79.94586951938948,0.11125549734505875,구로2동 | 가산동 | 구로5동 | 구로3동 | 여의동,1749217.01,622031.99,1.551845508024938,11560540,여의동,19495740.23,125405.53,0.11125549734505875,0.30782946022911206,0.25,442.0
11530540,구로3동,3,86,1456032.64,874958.2,0.6009193585110839,581074.44,0.3990806414889161,3,874958.2,0.6009193585110839,398,0.07505873778205588,4.034231340744971,0.673893541146546,56.499474698922505,0.24965730163851274,구로3동 | 가산동 | 역삼1동 | 여의동 | 구로4동,5872640.03,4416607.390000001,4.033316196812732,11560540,여의동,19495740.23,363509.18,0.24965730163851274,0.30782946022911206,0.25,442.0
11530550,구로4동,3,86,800980.67,469435.2,0.5860755665926369,331545.47000000003,0.413924433407363,3,469435.2,0.5860755665926369,361,0.029970380866641205,4.403331693820335,0.7477369585473465,81.72269058302304,0.09834369660880829,구로3동 | 가산동 | 구로4동 | 구로2동 | 구로5동,452880.05,-348100.62000000005,0.5654069654390036,11560540,여의동,19495740.23,45126.81,0.056339449490085694,0.30782946022911206,0.25,442.0
11530560,구로5동,3,86,1776308.14,954695.9,0.5374607470976291,821612.2399999999,0.4625392529023708,3,954695.9,0.5374607470976291,405,0.026004288212954463,4.482957037491549,0.7466757764402832,88.49597205643906,0.09284822057956678,구로5동 | 가산동 | 구로2동 | 여의동 | 구로3동,1849141.15,72833.01000000001,1.0410024636829058,11560540,여의동,19495740.23,164927.05,0.09284822057956678,0.30782946022911206,0.25,442.0
11530595,가리봉동,3,86,482427.95,316694.95999999996,0.656460638319152,165732.99000000005,0.343539361680848,3,316694.95999999996,0.6564606383191521,338,0.07457199897306256,3.8679271711607672,0.6642446651779179,47.84311264429541,0.19938179369582545,가산동 | 구로3동 | 여의동 | 역삼1동 | 구로2동,374894.57,-107533.38,0.7770996062728124,11560540,여의동,19495740.23,8939.38,0.018529979450817472,0.30782946022911206,0.25,442.0
11530720,고척1동,3,86,1355160.28,857802.72,0.63298986301458,497357.56000000006,0.36701013698541995,3,857802.72,0.63298986301458,394,0.023324137554239795,4.5382462448300425,0.759367432352323,93.52663339058846,0.08182425476638085,고척1동 | 여의동 | 가산동 | 구로2동 | 구로3동,667716.34,-687443.9400000001,0.4927213037855566,11560540,여의동,19495740.23,110884.98,0.08182425476638085,0.30782946022911206,0.25,442.0
11530730,고척2동,3,86,795193.83,529134.05,0.6654151856283896,266059.7799999999,0.3345848143716104,3,529134.05,0.6654151856283895,348,0.018902434530361223,4.608889875142085,0.7875479173987324,100.37266157833342,0.06294588578485324,가산동 | 고척1동 | 여의동 | 고척2동 | 개봉1동,224931.89,-570261.94,0.2828642294671728,11560540,여의동,19495740.23,30814.07,0.03875038869454005,0.30782946022911206,0.25,442.0
11530740,개봉1동,3,86,1603272.08,1011658.25,0.6309959879049349,591613.8300000001,0.369004012095065,3,1011658.25,0.6309959879049349,397,0.01911463465227351,4.647078993087772,0.776592325704729,104.27993785148176,0.06740320707137867,가산동 | 개봉1동 | 여의동 | 고척1동 | 구로2동,461151.79,-1142120.29,0.2876316476489754,11560540,여의동,19495740.23,83268.33,0.05193649352391891,0.30782946022911206,0.25,442.0
11530750,개봉2동,3,86,1236678.94,730651.4,0.5908173709176289,506027.5399999999,0.4091826290823712,3,730651.4,0.5908173709176289,386,0.01976837145998186,4.629969480565044,0.7773834632057919,102.5109354869239,0.07329035618573726,가산동 | 여의동 | 개봉2동 | 구로3동 | 고척1동,234244.69999999998,-1002434.24,0.18941431961314065,11560540,여의동,19495740.23,48187.18,0.038964987953947046,0.30782946022911206,0.25,442.0
11530760,개봉3동,3,86,809281.09,488693.69,0.6038614963806952,320587.39999999997,0.39613850361930486,3,488693.69,0.6038614963806952,367,0.022426033560921137,4.544715925603075,0.7695914395322382,94.13368244176483,0.09021781294803269,가산동 | 개봉3동 | 여의동 | 구로3동 | 개봉2동,266986.82,-542294.27,0.32990616400044637,11560540,여의동,19495740.23,40984.55,0.050643157867435167,0.30782946022911206,0.25,442.0
11530770,오류1동,3,86,1114482.25,636102.86,0.570760871247613,478379.39,0.42923912875238707,3,636102.86,0.570760871247613,375,0.021233294733792193,4.542200868717977,0.7663670592167187,93.89722834800935,0.0774394657250037,가산동 | 여의동 | 오류1동 | 구로3동 | 종로1.2.3.4가동,295573.35,-818908.9,0.26521135711223753,11560540,여의동,19495740.23,49226.62,0.044169945281766494,0.30782946022911206,0.25,442.0
11530780,오류2동,3,86,1637289.03,982590.3,0.6001324640891291,654698.73,0.3998675359108709,3,982590.3,0.6001324640891291,409,0.024243375268277096,4.58960066672552,0.763188901974135,98.45510591089527,0.0860672046400995,오류2동 | 가산동 | 여의동 | 구로3동 | 구로5동,585726.52,-1051562.51,0.3577416749686523,11560540,여의동,19495740.23,140916.89,0.0860672046400995,0.30782946022911206,0.25,442.0
11530790,수궁동,3,86,971852.41,584442.74,0.6013698520333967,387409.67000000004,0.3986301479666033,3,584442.74,0.6013698520333968,385,0.02123915239653593,4.643901453291252,0.780062428583196,103.94911008653186,0.07551618871840837,가산동 | 수궁동 | 오류2동 | 구로3동 | 여의동,327075.94,-644776.47,0.33654898278227247,11560540,여의동,19495740.23,68826.07,0.0708194673304355,0.30782946022911206,0.25,442.0
11530800,항동,3,86,475299.37,281521.32,0.592303162531017,193778.05,0.40769683746898294,3,281521.32,0.592303162531017,301,0.02031987968059478,4.560713360608756,0.7991283064529044,95.65168964563007,0.06539975005647493,가산동 | 항동 | 여의동 | 오류2동 | 구로3동,122392.55,-352906.82,0.25750623233521225,11560540,여의동,19495740.23,27677.4,0.058231509963920215,0.30782946022911206,0.25,442.0
11545510,가산동,3,86,2053987.39,1418808.1,0.6907579408265014,635179.2899999998,0.30924205917349856,3,1418808.1,0.6907579408265013,405,0.14401062582565244,3.488848724065918,0.5810983259795564,32.748223753168,0.36411193352068244,가산동 | 구로3동 | 독산1동 | 여의동 | 조원동,9608644.51,7554657.12,4.6780445472939345,11560540,여의동,19495740.23,747881.32,0.36411193352068244,0.30782946022911206,0.25,442.0
11545610,독산1동,3,86,2718760.88,1744024.02,0.6414775322204872,974736.8599999999,0.3585224677795128,3,1744024.02,0.6414775322204872,406,0.07058393976813845,3.98645833742887,0.6637069502075703,53.86378380035069,0.23199678009196603,가산동 | 독산1동 | 구로3동 | 여의동 | 시흥1동,1507538.37,-1211222.5099999998,0.5544946527257668,11560540,여의동,19495740.23,200027.72,0.07357311982508738,0.30782946022911206,0.25,442.0
11545620,독산2동,3,86,649042.61,425753.32,0.6559712928554876,223289.28999999998,0.3440287071445124,3,425753.32,0.6559712928554876,340,0.039047966097498756,4.179932625447801,0.7170992662582979,65.3614493672758,0.1337159050312583,가산동 | 독산1동 | 시흥1동 | 구로3동 | 독산4동,164267.12,-484775.49,0.25309142646274024,11560540,여의동,19495740.23,17489.75,0.0269469981331426,0.30782946022911206,0.25,442.0
11545630,독산3동,3,86,900370.77,501594.47,0.5570976832133278,398776.30000000005,0.44290231678667225,3,501594.47,0.5570976832133278,354,0.028660732061728953,4.443625294727918,0.7570966949694401,85.08283358518672,0.10079470927293653,가산동 | 구로3동 | 독산1동 | 여의동 | 독산3동,297655.22,-602715.55,0.3305918294082336,11560540,여의동,19495740.23,31755.9,0.03526980335001324,0.30782946022911206,0.25,442.0
11545640,독산4동,3,86,682982.25,463442.62,0.678557341717153,219539.63,0.321442658282847,3,463442.62,0.678557341717153,348,0.04304868767068437,4.149627908730371,0.7090711442523917,63.41040145114947,0.13511124191002036,가산동 | 독산1동 | 구로3동 | 독산4동 | 여의동,345523.79,-337458.46,0.5059044945897203,11560540,여의동,19495740.23,46599.05,0.06822878632643821,0.30782946022911206,0.25,442.0
11545670,시흥1동,3,86,1369167.77,893053.38,0.6522600075518867,476114.39,0.3477399924481132,3,893053.38,0.6522600075518867,387,0.04448911977783015,4.154991146080504,0.6973304791350388,63.75140009554991,0.14388215550823255,가산동 | 시흥1동 | 독산1동 | 구로3동 | 여의동,1002608.75,-366559.02,0.7322760380197965,11560540,여의동,19495740.23,148853.12,0.1087179549953911,0.30782946022911206,0.25,442.0
11545680,시흥2동,3,86,823535.3,488311.47000000003,0.5929454025832287,335223.83,0.4070545974167713,3,488311.47000000003,0.5929454025832287,322,0.02721301885198964,4.37116385789637,0.7569702726559122,79.13568081012731,0.08154511409529136,가산동 | 시흥2동 | 시흥1동 | 시흥5동 | 독산1동,190229.57,-633305.73,0.23099139769722074,11560540,여의동,19495740.23,60318.53,0.07324340559536427,0.30782946022911206,0.25,442.0
11545690,시흥3동,3,86,370628.14,248166.4,0.6695832647785459,122461.74000000002,0.3304167352214541,3,248166.4,0.6695832647785459,327,0.03754298637616397,4.176098313542685,0.7212654647493935,65.11131304063629,0.09804517271678292,가산동 | 시흥3동 | 시흥1동 | 독산1동 | 구로3동,362106.06,-8522.080000000016,0.9770063870487545,11560540,여의동,19495740.23,34568.03,0.09326876798939228,0.30782946022911206,0.25,442.0
11545700,시흥4동,3,86,773117.33,516923.45,0.6686222516833248,256193.87999999995,0.33137774831667527,3,516923.45,0.6686222516833248,352,0.033283079396809835,4.286830256688459,0.7310879774513099,72.7355496941509,0.1086910831503415,가산동 | 독산1동 | 시흥1동 | 시흥4동 | 구로3동,174663.56,-598453.77,0.22592115481359085,11560540,여의동,19495740.23,42485.38,0.054953340652705324,0.30782946022911206,0.25,442.0
11545710,시흥5동,3,86,664000.23,440620.77,0.6635852671316094,223379.45999999996,0.3364147328683907,3,440620.77,0.6635852671316094,325,0.03533491851380489,4.240032709966863,0.7330845204175015,69.41012220442047,0.10888051951427788,가산동 | 시흥1동 | 시흥5동 | 독산1동 | 구로3동,255335.69,-408664.54,0.3845415686075892,11560540,여의동,19495740.23,48025.52,0.07232756530822286,0.30782946022911206,0.25,442.0
11560515,영등포본동,3,86,1034805.21,573771.7999999999,0.5544732423602698,461033.41000000003,0.44552675763973015,3,573771.7999999999,0.55447324236027,390,0.03218879883302272,4.436310035914639,0.7435804431062727,84.462701615298,0.13837064078948733,여의동 | 영등포동 | 영등포본동 | 가산동 | 종로1.2.3.4가동,437616.68,-597188.53,0.42289763887060444,11560540,여의동,19495740.23,38224.42,0.03693875874474965,0.30782946022911206,0.25,442.0
11560535,영등포동,3,86,2496372.3200000003,1380798.99,0.5531222161604483,1115573.3300000003,0.4468777838395517,3,1380798.99,0.5531222161604484,415,0.07091259281875578,3.969501458456858,0.6584801025923647,52.95812243329949,0.23792870768571892,여의동 | 영등포동 | 명동 | 종로1.2.3.4가동 | 당산1동,4087261.16,1590888.8399999999,1.637280275564023,11560540,여의동,19495740.23,178639.44,0.07155961415242738,0.30782946022911206,0.25,442.0
11560540,여의동,3,86,2151839.53,1288811.92,0.5989349586862548,863027.6099999999,0.40106504131374515,3,1288811.92,0.5989349586862548,425,0.20776830775659577,3.4172871946079466,0.5646458766924067,30.48659853044968,0.45185643094864053,여의동 | 종로1.2.3.4가동 | 역삼1동 | 명동 | 영등포동,19495740.23,17343900.7,9.060034430169615,11560540,여의동,19495740.23,972322.53,0.45185643094864053,0.30782946022911206,0.25,442.0
11560550,당산1동,3,86,1355844.44,702488.72,0.5181189665091668,653355.72,0.4818810334908332,3,702488.72,0.5181189665091668,398,0.03219279198940399,4.353124675230754,0.7271627119683092,77.72093658771941,0.1224146333483508,여의동 | 당산1동 | 영등포동 | 문래동 | 종로1.2.3.4가동,2226850.7,871006.2600000002,1.6424086969741163,11560540,여의동,19495740.23,86240.79,0.06360669960043498,0.30782946022911206,0.25,442.0
11560560,당산2동,3,86,2347816.77,1177421.0,0.5014961197333981,1170395.77,0.4985038802666019,3,1177421.0,0.5014961197333981,414,0.03938333103755907,4.287959460409478,0.7115922390300716,72.81772933756322,0.15688646776298476,여의동 | 당산2동 | 영등포동 | 명동 | 역삼1동,1950355.85,-397460.9199999999,0.8307104178321377,11560540,여의동,19495740.23,147030.18,0.06262421406931172,0.30782946022911206,0.25,442.0
11560585,도림동,3,86,1018246.75,562897.98,0.5528109763178719,455348.77,0.44718902368212815,3,562897.98,0.5528109763178719,377,0.022731096339162225,4.5109530498576,0.7604124420552084,91.00851284216185,0.0858367483127248,여의동 | 영등포동 | 가산동 | 도림동 | 문래동,278329.74,-739917.01,0.27334213440897304,11560540,여의동,19495740.23,42991.08,0.04222068963146703,0.30782946022911206,0.25,442.0
11560605,문래동,3,86,1781561.57,963459.3099999999,0.5407948432565257,818102.2600000001,0.4592051567434743,3,963459.3099999999,0.5407948432565257,400,0.029377487388935232,4.425506533168316,0.7386351865011807,83.55511994437231,0.09533757511394905,문래동 | 여의동 | 영등포동 | 당산1동 | 명동,2783550.27,1001988.7,1.5624215951178155,11560540,여의동,19495740.23,169849.76,0.09533757511394905,0.30782946022911206,0.25,442.0
11560610,양평1동,3,86,1247274.6,691491.11,0.554401661029576,555783.4900000001,0.44559833897042406,3,691491.11,0.5544016610295761,375,0.0374767337227542,4.2384686935093745,0.7151209033042408,69.3016484804331,0.14208245722313273,여의동 | 양평1동 | 문래동 | 영등포동 | 당산1동,1240908.75,-6365.850000000093,0.9948961920654842,11560540,여의동,19495740.23,74789.98,0.05996272192186066,0.30782946022911206,0.25,442.0
11560620,양평2동,3,86,1442158.54,786460.56,0.5453357160024861,655697.98,0.45466428399751385,3,786460.56,0.5453357160024861,389,0.04375838297010797,4.231828438376384,0.7096121631893458,68.84299233558836,0.166859650534677,여의동 | 양평2동 | 당산2동 | 영등포동 | 역삼1동,1519993.98,77835.43999999994,1.0539714863804086,11560540,여의동,19495740.23,107338.87,0.07442931343734233,0.30782946022911206,0.25,442.0
11560630,신길1동,3,86,1237839.55,581056.79,0.4694120413263577,656782.76,0.5305879586736423,3,581056.79,0.4694120413263577,396,0.03755901390960051,4.416795157993722,0.7384198789783174,82.83040117843089,0.16081581817288032,여의동 | 신길1동 | 한강로동 | 종로1.2.3.4가동 | 영등포동,443400.86,-794438.6900000001,0.3582054394691137,11560540,여의동,19495740.23,53575.35,0.04328133642199427,0.30782946022911206,0.25,442.0
11560650,신길3동,3,86,591168.04,335253.88,0.5671042027238143,255914.16000000003,0.43289579727618566,3,335253.88,0.5671042027238143,341,0.02428560645916925,4.485621824059125,0.7691550441099632,88.73210942216376,0.1063878047263854,여의동 | 영등포동 | 가산동 | 신길3동 | 역삼1동,187348.81,-403819.23000000004,0.3169129542253333,11560540,여의동,19495740.23,20097.36,0.033996019135269895,0.30782946022911206,0.25,442.0
11560660,신길4동,3,86,565691.28,306524.69,0.5418586088157484,259166.59000000003,0.4581413911842516,3,306524.69,0.5418586088157484,339,0.026277189693819907,4.534754212868952,0.7783649380857836,93.20060497969781,0.12371629628089723,여의동 | 가산동 | 영등포동 | 구로3동 | 신길1동,146896.35,-418794.93000000005,0.2596758253017441,11560540,여의동,19495740.23,11998.88,0.02121100399497054,0.30782946022911206,0.25,442.0
11560670,신길5동,3,86,464645.75,258768.17,0.5569149615594245,205877.58,0.4430850384405754,3,258768.17,0.5569149615594245,335,0.022046901144710064,4.549818913388429,0.7825450234534436,94.61527320427392,0.10039749637223626,여의동 | 가산동 | 신길5동 | 역삼1동 | 영등포동,191174.54,-273471.20999999996,0.41144149064098834,11560540,여의동,19495740.23,15859.35,0.034132131844528873,0.30782946022911206,0.25,442.0
11560680,신길6동,3,86,1063568.52,497448.39,0.4677163536205453,566120.13,0.5322836463794547,3,497448.39,0.4677163536205453,389,0.02168331579358035,4.628526736451733,0.7761323308969912,102.3631450757087,0.09135560913367387,여의동 | 가산동 | 역삼1동 | 신길6동 | 구로3동,556266.84,-507301.68000000005,0.5230192785322378,11560540,여의동,19495740.23,36201.84,0.03403808905513676,0.30782946022911206,0.25,442.0
11560690,신길7동,3,86,871092.79,428363.5,0.4917541562937285,442729.29000000004,0.5082458437062716,3,428363.5,0.4917541562937285,368,0.027478209255467366,4.541685299896104,0.7687240256149299,93.84883034193635,0.12589564654759683,여의동 | 가산동 | 신길7동 | 역삼1동 | 신길6동,273953.33,-597139.46,0.31449385547089653,11560540,여의동,19495740.23,33084.44,0.037980385533899326,0.30782946022911206,0.25,442.0
11560700,대림1동,3,86,622452.54,360558.38,0.5792544119106655,261894.16000000003,0.42074558808933454,3,360558.38,0.5792544119106655,365,0.02008318477618592,4.544022933902136,0.7701867781043594,94.06847117909552,0.05683903225778466,가산동 | 구로3동 | 여의동 | 대림1동 | 대림3동,292912.18,-329540.36000000004,0.47057753190307483,11560540,여의동,19495740.23,26336.59,0.04231100093189434,0.30782946022911206,0.25,442.0
11560710,대림2동,3,86,578803.79,302711.39,0.5229948304243136,276092.4,0.47700516957568645,3,302711.39,0.5229948304243136,360,0.025797892523038976,4.4685069251419565,0.7591620707459792,87.22639020915747,0.10369044058954761,구로3동 | 가산동 | 여의동 | 역삼1동 | 대림2동,260306.52,-318497.27,0.4497318858261104,11560540,여의동,19495740.23,19192.61,0.033159095243657614,0.30782946022911206,0.25,442.0
11560720,대림3동,3,86,1068169.8,595116.66,0.5571367585939988,473053.14,0.4428632414060012,3,595116.66,0.5571367585939988,393,0.019409617869387583,4.661991800259448,0.7804051523497861,105.84669781503693,0.06635045289615939,대림3동 | 여의동 | 가산동 | 구로5동 | 구로3동,667231.37,-400938.43000000005,0.6246491615846095,11560540,여의동,19495740.23,70873.55,0.06635045289615939,0.30782946022911206,0.25,442.0
11590670,신대방1동,3,86,1280081.97,562161.26,0.4391603609571972,717920.71,0.5608396390428029,3,562161.26,0.4391603609571972,396,0.02022494067175337,4.650537782472052,0.777498032776549,104.64124467542001,0.06355065683801484,여의동 | 신대방1동 | 구로3동 | 가산동 | 역삼1동,680967.82,-599114.15,0.5319720423841294,11560540,여의동,19495740.23,77414.55,0.0604762443455086,0.30782946022911206,0.25,442.0
11620725,조원동,3,86,1303693.33,589839.45,0.45243726912371324,713853.8800000001,0.5475627308762867,3,589839.45,0.45243726912371335,389,0.025817123999571884,4.495331781236057,0.7537975974188148,89.59789095328571,0.09085493288517477,구로3동 | 가산동 | 역삼1동 | 여의동 | 조원동,1365025.64,61332.30999999982,1.0470450439444987,11560540,여의동,19495740.23,57402.72,0.044030845812488735,0.30782946022911206,0.25,442.0
11620765,미성동,3,86,1521008.76,639242.8200000001,0.4202755676436736,881765.94,0.5797244323563264,1,640597.44,0.4211661739541855,391,0.0178971562331389,4.690156793942505,0.7857910187099205,108.8702486647439,0.06366416324913211,가산동 | 미성동 | 구로3동 | 역삼1동 | 조원동,513778.75,-1007230.01,0.3377881597473508,11560540,여의동,19495740.23,81362.92,0.05349273596557064,0.30782946022911206,0.25,442.0
11620775,난곡동,3,86,964688.64,397338.44,0.4118825738426857,567350.2,0.5881174261573143,1,426135.53,0.4417337494510146,357,0.018747303856099833,4.629359884379533,0.7876093884196124,102.44846425472494,0.0609599279618344,가산동 | 난곡동 | 미성동 | 구로3동 | 역삼1동,241342.23,-723346.41,0.2501762952241254,11560540,여의동,19495740.23,49546.3,0.05135988747623275,0.30782946022911206,0.25,442.0
11110630,종로5.6가동,4,72,328018.08,120944.69,0.3687134867687781,207073.39,0.6312865132312219,2,136834.49,0.41715532875504907,414,0.07401177035254433,3.8272935391127616,0.6351441528466548,45.93804032647044,0.19742024585961848,종로5.6가동 | 종로1.2.3.4가동 | 이화동 | 명동 | 광희동,2771806.47,2443788.39,8.45016369219648,11110630,종로5.6가동,2771806.47,64757.41,0.19742024585961848,0.30782946022911206,0.25,442.0
11110640,이화동,4,72,401502.7,162396.09,0.40447072958662544,239106.61000000002,0.5955292704133746,4,162396.09,0.40447072958662544,426,0.05779888970934256,4.134546177991252,0.6828949703722575,62.461238352750364,0.1930000470731579,이화동 | 종로5.6가동 | 종로1.2.3.4가동 | 혜화동 | 광희동,1982556.51,1581053.81,4.937841040670461,11110630,종로5.6가동,2771806.47,77490.04,0.1930000470731579,0.30782946022911206,0.25,442.0
11110650,혜화동,4,72,760903.86,264104.32,0.34709289028971413,496799.54,0.6529071097102859,2,264880.97000000003,0.34811358428382794,383,0.036419932988310436,4.361381322823962,0.7332474221750924,78.36530748275887,0.11869887215449268,혜화동 | 종로1.2.3.4가동 | 이화동 | 종로5.6가동 | 역삼1동,796723.21,35819.34999999998,1.0470747381936003,11110630,종로5.6가동,2771806.47,90318.43,0.11869887215449268,0.30782946022911206,0.25,442.0
11230515,신설동,4,72,393339.12,88141.5,0.22408526261003484,305197.62,0.7759147373899652,2,133453.8,0.33928433052883217,379,0.020586786759815952,4.640831950812317,0.781609036226145,103.63052723100706,0.07655058566257025,신설동 | 종로1.2.3.4가동 | 명동 | 소공동 | 종로5.6가동,621031.15,227692.03000000003,1.578869526122904,11110630,종로5.6가동,2771806.47,30110.34,0.07655058566257025,0.30782946022911206,0.25,442.0
11230536,용신동,4,72,1045092.62,237133.73,0.2269021189720008,807958.89,0.7730978810279993,2,332040.84,0.31771427110450745,403,0.022860170066307205,4.662937028020799,0.7772939386622977,105.94679435181915,0.09950652029290954,용신동 | 종로1.2.3.4가동 | 명동 | 제기동 | 소공동,1285943.16,240850.53999999992,1.2304585597399011,11110630,종로5.6가동,2771806.47,103993.53,0.09950652029290954,0.30782946022911206,0.25,442.0
11230545,제기동,4,72,1201337.32,364908.88,0.3037522217323607,836428.4400000001,0.6962477782676393,4,364908.88,0.3037522217323607,415,0.024012062669734765,4.698257509129716,0.7793696813049569,109.75575732589948,0.10784953388445469,제기동 | 종로1.2.3.4가동 | 용신동 | 명동 | 청량리동,1239219.89,37882.56999999983,1.031533666164637,11110630,종로5.6가동,2771806.47,129563.67,0.10784953388445469,0.30782946022911206,0.25,442.0
11290525,성북동,4,72,822262.2,261019.71,0.3174409695593449,561242.49,0.6825590304406551,2,308667.29,0.37538791154451706,408,0.01800848985823564,4.7893211484514095,0.7967240532652133,120.21972960633619,0.0625973077687385,종로1.2.3.4가동 | 성북동 | 삼선동 | 명동 | 혜화동,590904.66,-231357.53999999992,0.7186328886333339,11110630,종로5.6가동,2771806.47,50899.88,0.0619022496716984,0.30782946022911206,0.25,442.0
11290555,삼선동,4,72,1178271.29,394603.67,0.33490052193328074,783667.6200000001,0.6650994780667193,2,396421.94,0.33644368946645553,399,0.01914166076311927,4.768954874611044,0.7962907994634597,117.79606594545349,0.08130804069748657,삼선동 | 종로1.2.3.4가동 | 명동 | 역삼1동 | 회현동,1018174.94,-160096.3500000001,0.8641260706606879,11110630,종로5.6가동,2771806.47,95802.93,0.08130804069748657,0.30782946022911206,0.25,442.0
11290575,동선동,4,72,946675.59,327372.48,0.34581274034962706,619303.11,0.6541872596503729,4,327372.48,0.34581274034962706,395,0.01613367668858861,4.8130147783313735,0.8050019631728105,123.10218444623447,0.05684857681816852,동선동 | 종로1.2.3.4가동 | 삼선동 | 명동 | 역삼1동,626499.77,-320175.81999999995,0.6617892936269753,11110630,종로5.6가동,2771806.47,53817.16,0.05684857681816852,0.30782946022911206,0.25,442.0
11290580,돈암1동,4,72,742576.26,278803.38,0.3754542058750976,463772.88,0.6245457941249024,4,278803.38,0.3754542058750976,379,0.013864547706197267,4.873432318212714,0.8207835960715729,130.76898827490976,0.05705850332462824,종로1.2.3.4가동 | 길음1동 | 돈암1동 | 명동 | 여의동,219735.21,-522841.05000000005,0.29590928479184075,11110630,종로5.6가동,2771806.47,19698.41,0.026527120594994513,0.30782946022911206,0.25,442.0
11290590,돈암2동,4,72,646699.6799999999,232804.63999999998,0.35998879727294747,413895.0399999999,0.6400112027270525,4,232804.63999999998,0.35998879727294747,372,0.015870649548047625,4.789377568026168,0.8091676732078033,120.22651254370162,0.05717428219540792,종로1.2.3.4가동 | 동선동 | 삼선동 | 여의동 | 이화동,161943.46,-484756.22,0.2504152468422437,11110630,종로5.6가동,2771806.47,18526.74,0.028648135406530592,0.30782946022911206,0.25,442.0
11290600,안암동,4,72,683703.66,268843.6,0.3932165581796066,414860.06000000006,0.6067834418203935,4,268843.6,0.39321655817960666,402,0.02392669317673925,4.707352017429498,0.785022868166299,110.7584847168426,0.11968925250451343,안암동 | 보문동 | 종로1.2.3.4가동 | 명동 | 역삼1동,1133878.73,450175.06999999995,1.6584359516226663,11110630,종로5.6가동,2771806.47,81831.98,0.11968925250451343,0.30782946022911206,0.25,442.0
11290610,보문동,4,72,884821.19,265061.09,0.29956458208239795,619760.0999999999,0.700435417917602,2,326483.04,0.368981940859712,397,0.01543716242205639,4.81989847027806,0.8054728934587764,123.95250527753889,0.05091346196173263,종로1.2.3.4가동 | 보문동 | 삼선동 | 안암동 | 명동,523723.47000000003,-361097.7199999999,0.5918975222553159,11110630,종로5.6가동,2771806.47,44114.89,0.049857406782945604,0.30782946022911206,0.25,442.0
11290620,정릉1동,4,72,705576.36,271433.91,0.38469813529466884,434142.45,0.6153018647053311,4,271433.91,0.38469813529466884,374,0.013665623911917071,4.880314819308759,0.8237852966171091,131.67211028416716,0.05516280335696054,종로1.2.3.4가동 | 정릉1동 | 길음1동 | 명동 | 삼선동,198433.81,-507142.55,0.2812364773672406,11110630,종로5.6가동,2771806.47,23244.72,0.03294430102505135,0.30782946022911206,0.25,442.0
11290630,정릉2동,4,72,1161386.62,448542.19,0.38621263778637294,712844.4300000002,0.6137873622136271,4,448542.19,0.38621263778637294,406,0.013542010357587021,4.931712964527693,0.8210827491293742,138.6167546717973,0.05063294082034456,종로1.2.3.4가동 | 정릉2동 | 명동 | 삼선동 | 동선동,334825.36,-826561.2600000001,0.2882979313124857,11110630,종로5.6가동,2771806.47,57084.63,0.0491521333352368,0.30782946022911206,0.25,442.0
11290640,정릉3동,4,72,421963.41,165409.3,0.3919991546186434,256554.11,0.6080008453813567,4,165409.3,0.3919991546186434,370,0.01600195103561377,4.7459406030420395,0.8025599375728718,115.11603308644156,0.06491721640035092,정릉3동 | 종로1.2.3.4가동 | 한강로동 | 정릉2동 | 정릉4동,391347.93,-30615.47999999998,0.9274451782442464,11110630,종로5.6가동,2771806.47,27392.69,0.06491721640035092,0.30782946022911206,0.25,442.0
11290650,정릉4동,4,72,1110424.1,460427.1,0.41464076653235454,649997.0000000001,0.5853592334676454,4,460427.1,0.41464076653235454,390,0.015987374627600692,4.847750061065723,0.8125428811993586,127.45330485239423,0.06355160159077959,정릉4동 | 종로1.2.3.4가동 | 명동 | 정릉3동 | 회현동,295518.13,-814905.9700000001,0.2661308683772263,11110630,종로5.6가동,2771806.47,70569.23,0.06355160159077959,0.30782946022911206,0.25,442.0
11290660,길음1동,4,72,1852255.6,688055.14,0.37146878648929443,1164200.46,0.6285312135107055,4,688055.14,0.3714687864892945,409,0.01383786023180032,4.925335652339172,0.8190171174619092,137.73556514954015,0.04912099064513559,길음1동 | 종로1.2.3.4가동 | 명동 | 여의동 | 소공동,641460.49,-1210795.11,0.3463131600195999,11110630,종로5.6가동,2771806.47,90984.63,0.04912099064513559,0.30782946022911206,0.25,442.0
11290685,길음2동,4,72,1176199.7,444871.48,0.3782278468528771,731328.22,0.6217721531471229,4,444871.48,0.3782278468528771,396,0.013848568876378895,4.939483707107454,0.8258053250706906,139.69810579882392,0.05432489057767997,길음2동 | 종로1.2.3.4가동 | 명동 | 여의동 | 소공동,466900.75,-709298.95,0.3969570388429788,11110630,종로5.6가동,2771806.47,63896.92,0.05432489057767997,0.30782946022911206,0.25,442.0
11290705,종암동,4,72,1923527.3,757635.07,0.3938779917498441,1165892.23,0.6061220082501558,4,757635.07,0.3938779917498441,415,0.021439625295549807,4.843346528441012,0.8034377496306625,126.8932939843486,0.11193574429642875,종암동 | 종로1.2.3.4가동 | 명동 | 월곡2동 | 안암동,1097612.04,-825915.26,0.5706246227958397,11110630,종로5.6가동,2771806.47,215311.46,0.11193574429642875,0.30782946022911206,0.25,442.0
11290715,월곡1동,4,72,1164058.74,484541.58999999997,0.4162518379441917,679517.15,0.5837481620558083,4,484541.58999999997,0.4162518379441917,393,0.013683632729417557,4.931086467538362,0.8254508911266388,138.52993889007712,0.05008382996205157,월곡1동 | 월곡2동 | 종로1.2.3.4가동 | 명동 | 송중동,629291.98,-534766.76,0.5406015679243128,11110630,종로5.6가동,2771806.47,58300.52,0.05008382996205157,0.30782946022911206,0.25,442.0
11290725,월곡2동,4,72,1056319.64,418945.65,0.3966087859542213,637373.9899999999,0.6033912140457788,4,418945.65,0.3966087859542213,402,0.01579618457557768,4.883179254835526,0.8143447463048302,132.04981725512587,0.07122071497222186,월곡2동 | 종암동 | 종로1.2.3.4가동 | 월곡1동 | 여의동,803502.56,-252817.07999999984,0.7606623313375108,11110630,종로5.6가동,2771806.47,75231.84,0.07122071497222186,0.30782946022911206,0.25,442.0
11290760,장위1동,4,72,1098259.12,507409.81,0.4620128353680322,590849.31,0.5379871646319677,4,507409.81,0.4620128353680322,392,0.013027982506796966,4.967727908874764,0.8319393860392307,143.70001663899302,0.061329506646846686,장위1동 | 종로1.2.3.4가동 | 장위2동 | 월곡2동 | 명동,368507.35000000003,-729751.77,0.3355377098985529,11110630,종로5.6가동,2771806.47,67355.69,0.061329506646846686,0.30782946022911206,0.25,442.0
11290770,장위2동,4,72,710239.8,288405.19,0.4060673451417394,421834.61000000004,0.5939326548582605,4,288405.19,0.4060673451417395,390,0.013786361392417817,4.984550450044012,0.8354723187341757,146.137863986743,0.05995096304093349,장위2동 | 석관동 | 월곡2동 | 종로1.2.3.4가동 | 장위1동,466719.61,-243520.19000000006,0.6571296201649076,11110630,종로5.6가동,2771806.47,42579.56,0.05995096304093349,0.30782946022911206,0.25,442.0
11290780,장위3동,4,72,595355.49,238886.89,0.40125083922548527,356468.6,0.5987491607745147,4,238886.89,0.40125083922548527,378,0.01115413581568816,5.030547251065334,0.8476220611950029,153.01672835438958,0.03652422857476296,장위1동 | 종로1.2.3.4가동 | 장위2동 | 명동 | 장위3동,216280.16,-379075.32999999996,0.36327902174883786,11110630,종로5.6가동,2771806.47,14193.43,0.023840260547525985,0.30782946022911206,0.25,442.0
11290810,석관동,4,72,1621463.98,592663.39,0.3655112893719662,1028800.59,0.6344887106280338,4,592663.39,0.3655112893719662,402,0.01647260228170338,4.948117035397527,0.8251741133375877,140.90938657649542,0.09077795857050121,석관동 | 종로1.2.3.4가동 | 장위2동 | 명동 | 여의동,643799.23,-977664.75,0.39704812314116283,11110630,종로5.6가동,2771806.47,147193.19,0.09077795857050121,0.30782946022911206,0.25,442.0
11305534,삼양동,4,72,1235894.1,586801.78,0.4747994023112498,649092.3200000001,0.5252005976887502,4,586801.78,0.4747994023112498,395,0.014086881766381877,4.874015020824004,0.8152045736409231,130.84520991096971,0.04931270405773439,삼양동 | 종로1.2.3.4가동 | 미아동 | 명동 | 수유1동,329500.06,-906394.04,0.2666086519872536,11110630,종로5.6가동,2771806.47,60945.28,0.04931270405773439,0.30782946022911206,0.25,442.0
11305535,미아동,4,72,877216.86,383483.58,0.4371593815467706,493733.27999999997,0.5628406184532294,4,383483.58,0.4371593815467706,389,0.013707549924727964,4.900831360744519,0.8217936038679252,134.4014693569271,0.05455186987628122,미아동 | 종로1.2.3.4가동 | 송중동 | 명동 | 수유1동,758608.81,-118608.04999999993,0.8647905034565798,11110630,종로5.6가동,2771806.47,47853.82,0.05455186987628122,0.30782946022911206,0.25,442.0
11305545,송중동,4,72,1462241.49,658186.21,0.4501214159912806,804055.28,0.5498785840087194,4,658186.21,0.4501214159912806,410,0.016850736635262636,4.893837402067261,0.8134490626093676,133.4647505387679,0.0854106321384712,송중동 | 종로1.2.3.4가동 | 송천동 | 회현동 | 명동,1052583.76,-409657.73,0.7198426300979874,11110630,종로5.6가동,2771806.47,124890.97,0.0854106321384712,0.30782946022911206,0.25,442.0
11305555,송천동,4,72,1176049.76,544692.75,0.4631545097207451,631357.01,0.5368454902792549,4,544692.75,0.4631545097207451,392,0.015855763812495535,4.871962746549832,0.8159017101016615,130.5769550132372,0.07521901114116124,송천동 | 종로1.2.3.4가동 | 송중동 | 명동 | 미아동,742189.27,-433860.49,0.6310866217089318,11110630,종로5.6가동,2771806.47,88461.3,0.07521901114116124,0.30782946022911206,0.25,442.0
11305575,삼각산동,4,72,1396324.19,591364.88,0.42351545882765235,804959.3099999999,0.5764845411723476,4,591364.88,0.42351545882765235,395,0.014504541720066138,4.904941113659161,0.8203771248571896,134.9549627688855,0.05730825303542152,삼각산동 | 송천동 | 종로1.2.3.4가동 | 명동 | 송중동,300273.65,-1096050.54,0.21504579821108738,11110630,종로5.6가동,2771806.47,80020.9,0.05730825303542152,0.30782946022911206,0.25,442.0
11305595,번1동,4,72,819137.56,399636.39,0.4878745762799596,419501.17000000004,0.5121254237200404,4,399636.39,0.4878745762799596,398,0.014212078325695116,4.870688735613051,0.8136186060313411,130.41070446945113,0.06259952235617178,번1동 | 수유3동 | 종로1.2.3.4가동 | 명동 | 미아동,924203.84,105066.27999999991,1.128264512739472,11110630,종로5.6가동,2771806.47,51277.62,0.06259952235617178,0.30782946022911206,0.25,442.0
11305603,번2동,4,72,708417.65,353550.43,0.4990706118064675,354867.22000000003,0.5009293881935325,4,353550.43,0.4990706118064675,380,0.013061326377158707,4.909236062316356,0.826446890747142,135.53583391796857,0.038294796861710036,번2동 | 종로1.2.3.4가동 | 송중동 | 번1동 | 번3동,281679.76,-426737.89,0.3976182129284893,11110630,종로5.6가동,2771806.47,27128.71,0.038294796861710036,0.30782946022911206,0.25,442.0
11305608,번3동,4,72,670530.37,315958.42,0.47120672550596027,354571.95,0.5287932744940397,4,315958.42,0.47120672550596027,364,0.011854881339154796,5.050755969614885,0.8564734926339905,156.14045732266635,0.06328608203085566,번3동 | 종로1.2.3.4가동 | 번2동 | 회현동 | 번1동,292560.17,-377970.2,0.43631158719924945,11110630,종로5.6가동,2771806.47,42435.24,0.06328608203085566,0.30782946022911206,0.25,442.0
11305615,수유1동,4,72,861006.91,434191.79,0.504283746108379,426815.12000000005,0.49571625389162094,4,434191.79,0.504283746108379,386,0.014883249419885234,4.832919146707608,0.8114592200730082,125.57700382524114,0.0596613562601954,수유1동 | 미아동 | 종로1.2.3.4가동 | 번1동 | 송중동,465028.21,-395978.7,0.5400981160534473,11110630,종로5.6가동,2771806.47,51368.84,0.0596613562601954,0.30782946022911206,0.25,442.0
11305625,수유2동,4,72,988172.67,500236.58999999997,0.5062238667256401,487936.0800000001,0.4937761332743599,4,500236.58999999997,0.5062238667256401,380,0.014571598899938101,4.8696128748805165,0.8197765127815753,130.2704761600021,0.061019700129937814,수유2동 | 수유3동 | 종로1.2.3.4가동 | 인수동 | 우이동,394489.86,-593682.81,0.3992114657451516,11110630,종로5.6가동,2771806.47,60298.0,0.061019700129937814,0.30782946022911206,0.25,442.0
11305635,수유3동,4,72,1063147.93,488005.45,0.45901932951136915,575142.48,0.5409806704886309,4,488005.45,0.45901932951136915,403,0.01301183506855697,4.930828293356743,0.8219503977812805,138.49417865285807,0.05061494123400118,수유3동 | 종로1.2.3.4가동 | 번1동 | 명동 | 수유2동,859096.83,-204051.09999999998,0.8080689485987148,11110630,종로5.6가동,2771806.47,53811.17,0.05061494123400118,0.30782946022911206,0.25,442.0
11305645,우이동,4,72,894637.07,467868.17,0.5229698004800986,426768.89999999997,0.4770301995199014,4,467868.17,0.5229698004800986,392,0.01473002266751335,4.8790116023020325,0.8170821734511716,131.50062471645796,0.06861793688025918,우이동 | 종로1.2.3.4가동 | 수유2동 | 수유3동 | 쌍문1동,416399.36,-478237.70999999996,0.46543942114985243,11110630,종로5.6가동,2771806.47,61388.15,0.06861793688025918,0.30782946022911206,0.25,442.0
11305660,인수동,4,72,1298157.22,675914.37,0.5206721956220373,622242.85,0.4793278043779628,4,675914.37,0.5206721956220373,392,0.01624167421235844,4.84579155852762,0.8115188528891681,127.20393151022378,0.07472243616223927,인수동 | 종로1.2.3.4가동 | 수유3동 | 우이동 | 수유2동,522303.52,-775853.7,0.4023422679111241,11110630,종로5.6가동,2771806.47,97001.47,0.07472243616223927,0.30782946022911206,0.25,442.0
11320511,창1동,4,72,1156885.0,464613.83,0.40160761873479217,692271.1699999999,0.5983923812652078,4,464613.83,0.40160761873479217,401,0.01144560040082232,5.045330167692594,0.8417355081245076,155.2955643129914,0.04935786184452214,종로1.2.3.4가동 | 창1동 | 창4동 | 명동 | 창5동,384224.91000000003,-772660.09,0.3321202280261219,11110630,종로5.6가동,2771806.47,37203.4,0.03215825254887046,0.30782946022911206,0.25,442.0
11320512,창2동,4,72,1309955.1300000001,635162.39,0.48487339409862074,674792.7400000001,0.5151266059013793,4,635162.39,0.48487339409862085,394,0.012055668870471315,4.968911999589878,0.8314290902596273,143.87027127303023,0.05175961256016456,창2동 | 번1동 | 종로1.2.3.4가동 | 명동 | 창1동,556410.15,-753544.9800000001,0.4247551211925862,11110630,종로5.6가동,2771806.47,67802.77,0.05175961256016456,0.30782946022911206,0.25,442.0
11320513,창3동,4,72,535138.21,300522.68,0.5615795590451297,234615.52999999997,0.4384204409548703,4,300522.68,0.5615795590451296,360,0.013546040597286958,4.899302440622517,0.8323506371013764,134.19613725419106,0.06420320836368608,창3동 | 창2동 | 번1동 | 수유3동 | 상계6.7동,254227.75,-280910.45999999996,0.4750693283516421,11110630,종로5.6가동,2771806.47,34357.59,0.06420320836368608,0.30782946022911206,0.25,442.0
11320514,창4동,4,72,1391827.59,639897.34,0.45975330895689454,751930.2500000001,0.5402466910431055,4,639897.34,0.45975330895689454,397,0.014358566676411765,4.944542917921735,0.8263027355220948,140.40665881463576,0.06724965841494777,창4동 | 상계6.7동 | 종로1.2.3.4가동 | 방학1동 | 명동,952082.47,-439745.1200000001,0.6840520168162494,11110630,종로5.6가동,2771806.47,93599.93,0.06724965841494777,0.30782946022911206,0.25,442.0
11320515,창5동,4,72,1095399.71,512274.11,0.4676595267676308,583125.6,0.5323404732323692,4,512274.11,0.4676595267676308,393,0.013049376757289942,4.92553624334703,0.8245217982107372,137.76319643657263,0.0444601359260904,창5동 | 창4동 | 명동 | 종로1.2.3.4가동 | 쌍문2동,480512.93,-614886.78,0.438664467055592,11110630,종로5.6가동,2771806.47,48701.62,0.0444601359260904,0.30782946022911206,0.25,442.0
11320521,도봉1동,4,72,753384.07,413421.9,0.5487531744598741,339962.1699999999,0.45124682554012585,4,413421.9,0.548753174459874,380,0.018129076363024285,4.7878463736163255,0.8060115053793485,120.04256324678732,0.07561682316962184,도봉2동 | 도봉1동 | 방학1동 | 상계6.7동 | 창4동,460731.46,-292652.6099999999,0.6115492460571937,11110630,종로5.6가동,2771806.47,44689.37,0.05931817751336314,0.30782946022911206,0.25,442.0
11320522,도봉2동,4,72,1143627.36,548022.13,0.4791964141186688,595605.2300000001,0.5208035858813311,4,548022.13,0.4791964141186688,386,0.015543806656769531,4.869073115744548,0.8175295619568043,130.2001804534294,0.0671162151979295,도봉2동 | 도봉1동 | 방학1동 | 종로1.2.3.4가동 | 상계6.7동,558554.21,-585073.1500000001,0.488405777560271,11110630,종로5.6가동,2771806.47,76755.94,0.0671162151979295,0.30782946022911206,0.25,442.0
11320660,쌍문1동,4,72,924487.39,470517.81,0.5089499490090394,453969.58,0.49105005099096055,4,470517.81,0.5089499490090394,389,0.011839997105771662,4.946197764539347,0.8294008479709779,140.63920265819306,0.04182106799747696,쌍문1동 | 종로1.2.3.4가동 | 번1동 | 수유3동 | 수유2동,306450.43,-618036.96,0.33148146022846237,11110630,종로5.6가동,2771806.47,38663.05,0.04182106799747696,0.30782946022911206,0.25,442.0
11320670,쌍문2동,4,72,884458.68,447348.82,0.5057882636190534,437109.86000000004,0.4942117363809466,4,447348.82,0.5057882636190534,382,0.013009408703122958,4.92294060733275,0.8280222597214256,137.40607699899883,0.05896882599422281,쌍문2동 | 종로1.2.3.4가동 | 창5동 | 방학1동 | 명동,558525.51,-325933.17000000004,0.6314885281017311,11110630,종로5.6가동,2771806.47,52155.49,0.05896882599422281,0.30782946022911206,0.25,442.0
11320680,쌍문3동,4,72,756794.02,336459.81,0.4445857143532926,420334.21,0.5554142856467075,4,336459.81,0.44458571435329264,375,0.010626102581324378,4.99184692003994,0.8422320268832154,147.20805408362068,0.03485139853509942,종로1.2.3.4가동 | 쌍문3동 | 창2동 | 역삼1동 | 수유3동,260676.1,-496117.92000000004,0.3444478855686518,11110630,종로5.6가동,2771806.47,22402.64,0.02960203094628047,0.30782946022911206,0.25,442.0
11320681,쌍문4동,4,72,802574.6799999999,379800.17,0.47322720173529526,422774.50999999995,0.5267727982647048,4,379800.17,0.47322720173529526,368,0.013338662262052362,4.855507016405971,0.8218413768427596,128.445798835297,0.0472099618193786,쌍문2동 | 종로1.2.3.4가동 | 명동 | 쌍문4동 | 방학1동,176837.45,-625737.23,0.22033768869957376,11110630,종로5.6가동,2771806.47,22032.6,0.027452398573052417,0.30782946022911206,0.25,442.0
11320690,방학1동,4,72,1061067.75,566315.46,0.5337222434665458,494752.29000000004,0.4662777565334542,4,566315.46,0.5337222434665458,391,0.016456369565105582,4.825235479707782,0.8084221636282701,124.61580942283794,0.07723936572381923,방학1동 | 종로1.2.3.4가동 | 창4동 | 도봉1동 | 도봉2동,747202.19,-313865.56000000006,0.7041983794154519,11110630,종로5.6가동,2771806.47,81956.2,0.07723936572381923,0.30782946022911206,0.25,442.0
11320700,방학2동,4,72,670281.32,381369.9,0.5689699065461052,288911.4199999999,0.43103009345389476,4,381369.9,0.5689699065461051,365,0.015480858779779158,4.80334502796469,0.8141404400956297,121.91755382487318,0.05280006908144181,방학1동 | 방학2동 | 종로1.2.3.4가동 | 도봉1동 | 도봉2동,248018.91999999998,-422262.39999999997,0.37002212742554125,11110630,종로5.6가동,2771806.47,34990.42,0.05220258860861586,0.30782946022911206,0.25,442.0
11320710,방학3동,4,72,1078658.72,564764.4400000001,0.5235802849672416,513894.2799999999,0.4764197150327584,4,564764.4400000001,0.5235802849672416,376,0.012584253776162931,4.912652298273032,0.8284979244724722,135.99964810548448,0.03849692143591071,방학3동 | 쌍문2동 | 방학1동 | 방학2동 | 종로1.2.3.4가동,256992.71,-821666.01,0.23825210442835895,11110630,종로5.6가동,2771806.47,41525.04,0.03849692143591071,0.30782946022911206,0.25,442.0
11350560,월계1동,4,72,986813.47,408009.01,0.4134611275624359,578804.46,0.5865388724375641,4,408009.01,0.4134611275624359,393,0.014160335032578887,4.970436311145282,0.8320379513383899,144.089741618107,0.07400457352897707,월계1동 | 종로1.2.3.4가동 | 명동 | 월계3동 | 월계2동,476684.93,-510128.54,0.48305474589843206,11110630,종로5.6가동,2771806.47,73028.71,0.07400457352897707,0.30782946022911206,0.25,442.0
11350570,월계2동,4,72,1088178.24,486373.09,0.44696086736672846,601805.1499999999,0.5530391326332714,4,486373.09,0.44696086736672846,381,0.01121110725601671,5.038262712030121,0.8477928319635902,154.20188910048904,0.05005659734567014,월계2동 | 종로1.2.3.4가동 | 월계1동 | 명동 | 상계6.7동,370330.15,-717848.09,0.34032122347897714,11110630,종로5.6가동,2771806.47,54470.5,0.05005659734567014,0.30782946022911206,0.25,442.0
11350580,월계3동,4,72,1430253.94,495924.39,0.34673869872366864,934329.5499999999,0.6532613012763314,4,495924.39,0.34673869872366864,401,0.011802401081164073,5.0450139141244446,0.8416827460952578,155.2464593018864,0.0432515151819823,종로1.2.3.4가동 | 월계3동 | 공릉1동 | 명동 | 월계1동,413731.95,-1016521.99,0.28927167297298273,11110630,종로5.6가동,2771806.47,58218.83,0.040705240077856385,0.30782946022911206,0.25,442.0
11350595,공릉1동,4,72,1679499.16,564538.4400000001,0.3361349939585561,1114960.7199999997,0.6638650060414438,4,564538.4400000001,0.33613499395855606,414,0.014571276640900792,5.016432918688242,0.832483321148899,150.87216950149488,0.07575739424603226,공릉1동 | 공릉2동 | 역삼1동 | 종로1.2.3.4가동 | 상계6.7동,1021502.11,-657997.0499999999,0.6082182916959601,11110630,종로5.6가동,2771806.47,127234.48,0.07575739424603226,0.30782946022911206,0.25,442.0
11350600,공릉2동,4,72,2006741.26,780594.6,0.38898617154062004,1226146.6600000001,0.61101382845938,4,780594.6,0.38898617154062004,408,0.02890615331389477,4.776626675013524,0.7946122733243818,118.7032492668024,0.14291714418629134,공릉2동 | 공릉1동 | 종로1.2.3.4가동 | 역삼1동 | 여의동,1072345.9,-934395.3600000001,0.5343717804456763,11110630,종로5.6가동,2771806.47,286797.73,0.14291714418629134,0.30782946022911206,0.25,442.0
11350611,하계1동,4,72,1182358.66,470871.59,0.3982476772318816,711487.0699999998,0.6017523227681183,4,470871.59,0.39824767723188154,395,0.014069868006542901,4.943624379533873,0.8268471039462366,140.2777491219172,0.0640184087627015,하계1동 | 상계6.7동 | 공릉1동 | 역삼1동 | 중계2.3동,734602.4,-447756.2599999999,0.6213025073119522,11110630,종로5.6가동,2771806.47,75692.72,0.0640184087627015,0.30782946022911206,0.25,442.0
11350612,하계2동,4,72,819927.6,294180.0,0.35878777589631083,525747.6,0.6412122241036892,4,294180.0,0.35878777589631083,372,0.011126769321427268,5.037019923250177,0.8510069697590031,154.01036775780747,0.04454593307994511,상계6.7동 | 하계1동 | 역삼1동 | 종로1.2.3.4가동 | 중계2.3동,106675.23,-713252.37,0.13010323106576727,11110630,종로5.6가동,2771806.47,12999.79,0.015854802302056915,0.30782946022911206,0.25,442.0
11350619,중계본동,4,72,923229.44,426475.67,0.4619389845280497,496753.76999999996,0.5380610154719503,4,426475.67,0.46193898452804966,372,0.014235385753974357,4.912981528638449,0.8300506225654851,136.04443069081583,0.06080996507217101,중계본동 | 상계6.7동 | 하계1동 | 종로1.2.3.4가동 | 중계1동,391078.41000000003,-532151.0299999999,0.4235982877669066,11110630,종로5.6가동,2771806.47,56141.55,0.06080996507217101,0.30782946022911206,0.25,442.0
11350621,중계1동,4,72,1132361.6,505948.99,0.44680867842922256,626412.6100000001,0.5531913215707774,4,505948.99,0.44680867842922256,383,0.012436591970847597,4.954277493993283,0.8329267569886547,141.7801323611076,0.04343627512624942,상계6.7동 | 종로1.2.3.4가동 | 중계1동 | 상계2동 | 하계1동,460512.32,-671849.28,0.40668309487004856,11110630,종로5.6가동,2771806.47,39233.04,0.03464709506221334,0.30782946022911206,0.25,442.0
11350624,중계4동,4,72,778518.62,357577.8,0.45930539207912585,420940.82,0.5406946079208741,4,357577.8,0.45930539207912585,360,0.014335786849817473,4.847645830002131,0.8235746096400236,127.44002095118078,0.05234985901814397,중계4동 | 상계6.7동 | 종로1.2.3.4가동 | 상계2동 | 명동,310181.69,-468336.93,0.3984255251338754,11110630,종로5.6가동,2771806.47,40755.34,0.05234985901814397,0.30782946022911206,0.25,442.0
11350625,중계2.3동,4,72,1510424.27,589179.91,0.3900757699027175,921244.36,0.6099242300972825,4,589179.91,0.3900757699027175,395,0.012087052255956906,5.036818288440693,0.8424342739594041,153.97931703720437,0.053796248917530966,중계2.3동 | 상계6.7동 | 하계1동 | 역삼1동 | 종로1.2.3.4가동,603439.3,-906984.97,0.399516421965333,11110630,종로5.6가동,2771806.47,81255.16,0.053796248917530966,0.30782946022911206,0.25,442.0
11350630,상계1동,4,72,1705307.54,794993.01,0.4661874713812618,910314.53,0.5338125286187382,4,794993.01,0.4661874713812618,406,0.016147024979989377,4.928457399969527,0.8205407289597872,138.16621266035187,0.08376850312876702,상계1동 | 상계6.7동 | 상계8동 | 도봉2동 | 상계2동,576037.71,-1129269.83,0.33779110013200314,11110630,종로5.6가동,2771806.47,142851.06,0.08376850312876702,0.30782946022911206,0.25,442.0
11350640,상계2동,4,72,920514.63,447106.02,0.4857131059394461,473408.61,0.514286894060554,4,447106.02,0.4857131059394461,390,0.01753979506990195,4.87163607967258,0.8165464734090878,130.53430681335843,0.08666930149714187,상계2동 | 상계6.7동 | 종로1.2.3.4가동 | 역삼1동 | 중계1동,954289.7,33775.06999999995,1.0366915080969434,11110630,종로5.6가동,2771806.47,79780.36,0.08666930149714187,0.30782946022911206,0.25,442.0
11350665,상계3.4동,4,72,1157365.04,587735.0599999999,0.5078216808760699,569629.9800000001,0.49217831912393006,4,587735.0599999999,0.50782168087607,386,0.017551444685183326,4.845463370700006,0.8135654266757457,127.16219157792104,0.08160077135213968,상계3.4동 | 상계6.7동 | 상계2동 | 중계4동 | 종로1.2.3.4가동,336957.76,-820407.28,0.29114216202694354,11110630,종로5.6가동,2771806.47,94441.88,0.08160077135213968,0.30782946022911206,0.25,442.0
11350670,상계5동,4,72,758596.25,386035.13,0.5088808836057389,372561.12,0.4911191163942611,4,386035.13,0.5088808836057389,373,0.015934080003133427,4.819192840901676,0.8138358558108146,123.8650716000522,0.054256358372454384,상계2동 | 상계6.7동 | 상계5동 | 상계3.4동 | 종로1.2.3.4가동,253287.91,-505308.33999999997,0.3338902743059961,11110630,종로5.6가동,2771806.47,37778.33,0.04980031208959971,0.30782946022911206,0.25,442.0
11350695,상계6.7동,4,72,1592022.61,686051.39,0.4309306825736602,905971.2200000001,0.5690693174263398,4,686051.39,0.4309306825736602,408,0.016484777747065776,4.9512350435216295,0.8236591220905761,141.34942885980385,0.09164679514193581,상계6.7동 | 상계2동 | 역삼1동 | 중계2.3동 | 종로1.2.3.4가동,1842847.43,250824.81999999983,1.1575510413134145,11110630,종로5.6가동,2771806.47,145903.77,0.09164679514193581,0.30782946022911206,0.25,442.0
11350700,상계8동,4,72,1193895.28,520823.41,0.436238771293241,673071.8700000001,0.563761228706759,4,520823.41,0.436238771293241,396,0.011110618526894609,5.085984640877106,0.8502980166976972,161.73911580371004,0.04677720143093287,상계6.7동 | 상계8동 | 역삼1동 | 상계1동 | 종로1.2.3.4가동,331004.69,-862890.5900000001,0.27724767451966137,11110630,종로5.6가동,2771806.47,47041.88,0.03940201522532193,0.30782946022911206,0.25,442.0
11350710,상계9동,4,72,1050799.17,461027.2,0.4387395928377066,589771.97,0.5612604071622934,4,461027.2,0.4387395928377066,385,0.011869131948216842,4.9840826596521435,0.8372045924859568,146.06951808510618,0.04028479580926963,상계9동 | 상계6.7동 | 상계2동 | 상계8동 | 역삼1동,233577.15,-817222.0199999999,0.22228524409664313,11110630,종로5.6가동,2771806.47,42331.23,0.04028479580926963,0.30782946022911206,0.25,442.0
11350720,상계10동,4,72,847294.38,360680.75,0.4256852854376303,486613.63,0.5743147145623697,4,360680.75,0.4256852854376303,376,0.012912664844269915,4.932778407326302,0.8318921072002429,138.76452159945504,0.05256040999587416,상계6.7동 | 상계2동 | 상계10동 | 종로1.2.3.4가동 | 역삼1동,233706.44,-613587.94,0.2758267321447358,11110630,종로5.6가동,2771806.47,24966.46,0.029466098901777208,0.30782946022911206,0.25,442.0
11200520,왕십리2동,5,60,993657.06,282277.61,0.284079509282609,711379.4500000001,0.715920490717391,2,316029.12,0.31804646967435624,383,0.014145218658156333,4.814603792122082,0.8094444301151132,123.29795101167998,0.04711086136699919,왕십리도선동 | 왕십리2동 | 명동 | 종로1.2.3.4가동 | 역삼1동,426878.95,-566778.1100000001,0.4296039017727102,11200690,성수2가3동,5117478.63,37659.03,0.037899423771014115,0.30782946022911206,0.25,442.0
11200535,왕십리도선동,5,60,1729169.94,467804.12,0.2705368102801972,1261365.8199999998,0.7294631897198027,2,581489.05,0.336282187510153,414,0.019079971469359688,4.7037492104817105,0.7805930684342282,110.36016125071431,0.07879677228254385,왕십리도선동 | 명동 | 종로1.2.3.4가동 | 역삼1동 | 소공동,1530140.87,-199029.06999999983,0.8848990689717866,11200690,성수2가3동,5117478.63,136253.01,0.07879677228254385,0.30782946022911206,0.25,442.0
11200540,마장동,5,60,1211506.86,462476.95,0.38173696350345054,749029.9100000001,0.6182630364965495,5,462476.95,0.3817369635034506,401,0.021338501450453635,4.702716575977296,0.7845757155782193,110.24625836044292,0.0965407905325439,마장동 | 왕십리도선동 | 역삼1동 | 종로1.2.3.4가동 | 사근동,908658.52,-302848.3400000001,0.7500234212458359,11200690,성수2가3동,5117478.63,116959.83,0.0965407905325439,0.30782946022911206,0.25,442.0
11200550,사근동,5,60,577259.43,230071.61,0.3985584263214201,347187.82000000007,0.6014415736785799,5,230071.61,0.3985584263214202,396,0.02249669916377553,4.594750785877999,0.7681713092587084,98.96346938008514,0.09611101545798913,사근동 | 행당1동 | 성수2가3동 | 역삼1동 | 명동,768903.47,191644.03999999992,1.3319894488341228,11200690,성수2가3동,5117478.63,55480.99,0.09611101545798913,0.30782946022911206,0.25,442.0
11200560,행당1동,5,60,889654.41,277231.6,0.31161718177736003,612422.81,0.68838281822264,5,277231.6,0.31161718177736003,404,0.015015567424390544,4.8223718274948535,0.8035391529427389,124.25946355325529,0.05485072568796686,행당1동 | 명동 | 역삼1동 | 종로1.2.3.4가동 | 여의동,1135811.03,246156.62,1.2766879107585158,11200690,성수2가3동,5117478.63,48798.19,0.05485072568796686,0.30782946022911206,0.25,442.0
11200570,행당2동,5,60,1380198.6,400318.22,0.2900439255625965,979880.3800000001,0.7099560744374035,5,400318.22,0.2900439255625965,398,0.015382383252605807,4.791392319621984,0.8003726272911676,120.46898327883844,0.04610414762049461,여의동 | 종로1.2.3.4가동 | 행당2동 | 명동 | 역삼1동,269282.09,-1110916.51,0.19510387128345152,11200690,성수2가3동,5117478.63,55709.92,0.04036369838369637,0.30782946022911206,0.25,442.0
11200580,응봉동,5,60,720135.71,216945.45,0.30125634236358034,503190.25999999995,0.6987436576364197,1,227596.49,0.3160466657041629,370,0.014371142486473356,4.777948132688733,0.8079725550377105,118.86021427508413,0.049929630624760996,역삼1동 | 여의동 | 응봉동 | 종로1.2.3.4가동 | 명동,129192.57,-590943.1399999999,0.17940031053313552,11200690,성수2가3동,5117478.63,23765.24,0.03300105753678012,0.30782946022911206,0.25,442.0
11200590,금호1가동,5,60,835159.26,226033.02000000002,0.270646606971705,609126.24,0.7293533930282949,2,247035.32,0.2957942656350359,393,0.014194361952811641,4.813615624228651,0.8057865812570525,123.17617211407239,0.04238974731597899,금호1가동 | 여의동 | 역삼1동 | 종로1.2.3.4가동 | 금호2.3가동,317890.1,-517269.16000000003,0.380634108038268,11200690,성수2가3동,5117478.63,35402.19,0.04238974731597899,0.30782946022911206,0.25,442.0
11200615,금호2.3가동,5,60,1222347.51,282341.95,0.23098337231447383,940005.56,0.7690166276855263,2,389658.44,0.3187787734766196,401,0.014639147212719875,4.808296582166589,0.8021901109108792,122.52273225121559,0.047517829033741806,금호2.3가동 | 여의동 | 종로1.2.3.4가동 | 역삼1동 | 명동,335524.85,-886822.66,0.274492194122439,11200690,성수2가3동,5117478.63,58083.3,0.047517829033741806,0.30782946022911206,0.25,442.0
11200620,금호4가동,5,60,711671.64,164701.11,0.23142851385787971,546970.53,0.7685714861421203,1,252150.04,0.354306713697345,367,0.016968651865032897,4.627185725836605,0.7835566803346622,102.22596701074227,0.049777605301231334,금호4가동 | 금호2.3가동 | 종로1.2.3.4가동 | 명동 | 여의동,250363.55,-461308.09,0.3517964408417342,11200690,성수2가3동,5117478.63,35425.31,0.049777605301231334,0.30782946022911206,0.25,442.0
11200650,성수1가1동,5,60,825496.48,327654.73,0.39691838540607705,497841.75,0.603081614593923,5,327654.73,0.39691838540607705,380,0.02785957763983131,4.4444519098984205,0.7482026562555728,85.15319342242569,0.08771057388397345,성수1가1동 | 성수2가3동 | 성수1가2동 | 역삼1동 | 성수2가1동,1422505.14,597008.6599999999,1.7232116362264802,11200690,성수2가3동,5117478.63,72404.77,0.08771057388397345,0.30782946022911206,0.25,442.0
11200660,성수1가2동,5,60,773948.47,325551.29,0.4206369062271032,448397.18,0.5793630937728969,5,325551.29,0.4206369062271032,386,0.028507407522793023,4.496363700151628,0.7549507182993571,89.69039643262384,0.10206207914591522,성수1가2동 | 성수2가3동 | 성수1가1동 | 역삼1동 | 삼성1동,2187915.91,1413967.4400000002,2.8269529494644523,11200690,성수2가3동,5117478.63,78990.79,0.10206207914591522,0.30782946022911206,0.25,442.0
11200670,성수2가1동,5,60,737294.32,314370.3,0.42638372692197063,422924.01999999996,0.5736162730780294,5,314370.3,0.42638372692197063,387,0.02947921660838077,4.426135432821981,0.7428365148257582,83.60768425747393,0.10129653514759208,성수2가3동 | 성수2가1동 | 성수1가1동 | 역삼1동 | 성수1가2동,1110791.17,373496.85,1.5065776852858435,11200690,성수2가3동,5117478.63,64119.24,0.08696559604582334,0.30782946022911206,0.25,442.0
11200690,성수2가3동,5,60,761984.87,377354.76,0.49522605350418575,384630.11,0.5047739464958143,5,377354.76,0.49522605350418575,411,0.044663227255371946,4.337527186295633,0.7206878803253179,76.51809021652095,0.18374267720040166,성수2가3동 | 성수1가2동 | 성수2가1동 | 역삼1동 | 성수1가1동,5117478.63,4355493.76,6.715984570664769,11200690,성수2가3동,5117478.63,140009.14,0.18374267720040166,0.30782946022911206,0.25,442.0
11200720,송정동,5,60,438805.35,213094.25,0.48562363699531014,225711.09999999998,0.5143763630046899,5,213094.25,0.48562363699531014,362,0.024223503268289072,4.554526644629553,0.7730484871248096,95.06174659560261,0.11395200628251229,성수2가3동 | 송정동 | 성수1가2동 | 성수1가1동 | 역삼1동,308972.34,-129833.00999999995,0.7041216338861868,11200690,성수2가3동,5117478.63,16134.34,0.03676878597765502,0.30782946022911206,0.25,442.0
11200790,용답동,5,60,793515.23,326942.45,0.41201786385372846,466572.77999999997,0.5879821361462716,5,326942.45,0.41201786385372846,396,0.015406641733979109,4.786770460723416,0.8002740307997308,119.91347736032928,0.05846142360745867,용답동 | 성수2가3동 | 종로1.2.3.4가동 | 답십리1동 | 장안1동,906740.84,113225.60999999999,1.1426886412753539,11200690,성수2가3동,5117478.63,46390.03,0.05846142360745867,0.30782946022911206,0.25,442.0
11215710,화양동,5,60,1360928.94,514672.25,0.3781771662523394,846256.69,0.6218228337476606,1,573681.61,0.4215367850139185,417,0.021550463484443387,4.552877415457834,0.7546514748964362,94.90509720088492,0.08050759064613616,성수2가3동 | 화양동 | 역삼1동 | 청담동 | 삼성1동,972739.88,-388189.05999999994,0.7147616979913735,11200690,성수2가3동,5117478.63,73318.16,0.05387361370976504,0.30782946022911206,0.25,442.0
11215730,군자동,5,60,944364.68,351109.43,0.37179432631893855,593255.25,0.6282056736810614,5,351109.43,0.3717943263189386,395,0.014487950816040276,4.827244290183257,0.8073819236556512,124.86639056696542,0.050832343708576644,성수2가3동 | 군자동 | 역삼1동 | 논현2동 | 청담동,655546.02,-288818.66000000003,0.6941661774135813,11200690,성수2가3동,5117478.63,47821.61,0.05063892266703579,0.30782946022911206,0.25,442.0
11215740,중곡1동,5,60,900578.05,327200.08,0.3633222906110137,573377.97,0.6366777093889863,1,340828.9,0.37845570408916807,386,0.012003409437609499,4.908530760460907,0.8241545992552798,135.4402739461006,0.039033562943267375,역삼1동 | 성수2가3동 | 중곡1동 | 삼성1동 | 청담동,544656.45,-355921.6000000001,0.6047853931150109,11200690,성수2가3동,5117478.63,27532.25,0.03057175333109662,0.30782946022911206,0.25,442.0
11215750,중곡2동,5,60,1093363.56,428983.44,0.39235205534012857,664380.1200000001,0.6076479446598715,5,428983.44,0.39235205534012857,388,0.012328140026050358,4.8963842828215896,0.8214024319480032,133.80510257734744,0.03608538042003156,역삼1동 | 성수2가3동 | 중곡2동 | 중곡4동 | 중곡1동,471345.83,-622017.73,0.43109707259678565,11200690,성수2가3동,5117478.63,35349.31,0.03233079214749026,0.30782946022911206,0.25,442.0
11215760,중곡3동,5,60,828966.87,344306.47000000003,0.41534406555958026,484660.39999999997,0.5846559344404197,5,344306.47000000003,0.4153440655595802,381,0.01301000487765236,4.858116226042745,0.8174794266783016,128.7813784598316,0.04030255153622726,중곡3동 | 역삼1동 | 성수2가3동 | 중곡1동 | 논현2동,492532.27999999997,-336434.59,0.5941519472304122,11200690,성수2가3동,5117478.63,33409.48,0.04030255153622726,0.30782946022911206,0.25,442.0
11215770,중곡4동,5,60,1475007.47,602465.81,0.4084493280566234,872541.6599999999,0.5915506719433766,5,602465.81,0.4084493280566233,409,0.013365681614204837,4.9230930231286685,0.8186441983674208,137.42702145168082,0.061001941908809455,중곡4동 | 성수2가3동 | 역삼1동 | 구의2동 | 종로1.2.3.4가동,546199.04,-928808.4299999999,0.37030255853551713,11200690,성수2가3동,5117478.63,89978.32,0.061001941908809455,0.30782946022911206,0.25,442.0
11215780,능동,5,60,752042.05,261250.13,0.34738766269785043,490791.92000000004,0.6526123373021495,1,300933.94,0.4001557359724765,387,0.012811717582751597,4.88062052327652,0.8191125632561763,131.71236912405456,0.04185303202128125,성수2가3동 | 역삼1동 | 능동 | 청담동 | 논현2동,610809.48,-141232.57000000007,0.8122012326305423,11200690,성수2가3동,5117478.63,25003.62,0.03324763555442146,0.30782946022911206,0.25,442.0
11215810,광장동,5,60,1669644.06,514174.97000000003,0.30795484038675885,1155469.09,0.6920451596132412,1,634159.11,0.3798169473318762,410,0.018565382128319426,4.749878670953583,0.7895203773552583,115.57026164687376,0.0824548856239455,광장동 | 역삼1동 | 여의동 | 구의3동 | 명동,833139.8,-836504.26,0.49899246190232904,11200690,성수2가3동,5117478.63,137670.31,0.0824548856239455,0.30782946022911206,0.25,442.0
11215820,자양1동,5,60,1185471.29,444768.34,0.37518271741528214,740702.95,0.6248172825847178,1,476154.96,0.40165878669233734,395,0.01809203771540726,4.625659605193276,0.7736658278952373,102.07007683606598,0.059925972564042446,자양1동 | 역삼1동 | 성수2가3동 | 자양2동 | 삼성1동,770420.45,-415050.8400000001,0.6498853717494921,11200690,성수2가3동,5117478.63,71040.52,0.059925972564042446,0.30782946022911206,0.25,442.0
11215830,자양2동,5,60,1418866.78,516256.36,0.3638511855214483,902610.42,0.6361488144785516,1,586104.13,0.4130790418533867,396,0.018094232159102976,4.697078694482564,0.7852789538709186,109.62645186011659,0.0692633384509855,자양2동 | 역삼1동 | 자양1동 | 성수2가3동 | 구의3동,667567.72,-751299.06,0.47049358643804456,11200690,성수2가3동,5117478.63,98275.45,0.0692633384509855,0.30782946022911206,0.25,442.0
11215840,자양3동,5,60,1444889.84,514711.2,0.3562286796895187,930178.6400000001,0.6437713203104813,1,573090.46,0.39663263186901504,394,0.015954154813655953,4.731459603055514,0.791697086543959,113.46104964113896,0.05345320996928042,자양3동 | 성수2가3동 | 역삼1동 | 삼성1동 | 화양동,954012.8,-490877.04000000004,0.6602668062224037,11200690,성수2가3동,5117478.63,77234.0,0.05345320996928042,0.30782946022911206,0.25,442.0
11215847,자양4동,5,60,1112212.06,411775.93,0.370231491645577,700436.1300000001,0.6297685083544231,1,447734.67,0.4025623225124892,385,0.019869777651335456,4.580346824548808,0.769386797641588,97.5482204583753,0.06885231940390936,자양4동 | 성수2가3동 | 역삼1동 | 성수2가1동 | 청담동,784270.18,-327941.88,0.7051444667845087,11200690,성수2가3동,5117478.63,76578.38,0.06885231940390936,0.30782946022911206,0.25,442.0
11215850,구의1동,5,60,1333997.71,482979.75,0.3620544071248818,851017.96,0.6379455928751182,1,577692.41,0.43305352450717477,400,0.018902851489614927,4.599482872004368,0.7676725508163929,99.43288281701213,0.061048283208822,역삼1동 | 성수2가3동 | 구의1동 | 구의3동 | 자양1동,641560.57,-692437.14,0.48093078810457623,11200690,성수2가3동,5117478.63,62113.16,0.046561669135099196,0.30782946022911206,0.25,442.0
11215860,구의2동,5,60,1358932.73,538942.85,0.396592736418969,819989.88,0.603407263581031,5,538942.85,0.396592736418969,392,0.013571996502361763,4.883160894759108,0.8177770504417309,132.0473928326464,0.051277137169254874,구의2동 | 성수2가3동 | 역삼1동 | 구의3동 | 광장동,662097.99,-696834.74,0.4872191061289693,11200690,성수2가3동,5117478.63,69682.18,0.051277137169254874,0.30782946022911206,0.25,442.0
11215870,구의3동,5,60,1579058.06,526439.5,0.3333883112569021,1052618.56,0.666611688743098,1,635603.0,0.40252034811183574,393,0.019600386288584157,4.670491564870563,0.7818279905658263,106.75020418752052,0.08343156805773183,구의3동 | 역삼1동 | 성수2가3동 | 삼성1동 | 명동,1833647.9,254589.83999999985,1.1612289290996682,11200690,성수2가3동,5117478.63,131743.29,0.08343156805773183,0.30782946022911206,0.25,442.0
11230533,용두동,5,60,486191.82,140535.94,0.28905451350456696,345655.88,0.710945486495433,2,141397.65,0.2908268798105242,370,0.017378245837525935,4.718114108528948,0.7978543519856894,111.95691485950209,0.05876174551846635,용두동 | 종로1.2.3.4가동 | 명동 | 제기동 | 신설동,358172.33,-128019.48999999999,0.7366893379654146,11200690,성수2가3동,5117478.63,28569.48,0.05876174551846635,0.30782946022911206,0.25,442.0
11230560,전농1동,5,60,1704175.32,628049.14,0.36853552133356793,1076126.1800000002,0.6314644786664321,5,628049.14,0.368535521333568,408,0.01661252816209128,4.843084709257499,0.8056678515104508,126.86007523456706,0.07709912146832405,전농1동 | 종로1.2.3.4가동 | 명동 | 답십리1동 | 역삼1동,1246701.53,-457473.79000000004,0.7315570853355627,11200690,성수2가3동,5117478.63,131390.42,0.07709912146832405,0.30782946022911206,0.25,442.0
11230570,전농2동,5,60,929512.63,395240.85,0.42521299576101507,534271.78,0.5747870042389849,5,395240.85,0.42521299576101507,388,0.016084142991631023,4.785472273591332,0.8027961729512167,119.75790822782797,0.05681820590216186,전농2동 | 전농1동 | 종로1.2.3.4가동 | 장안1동 | 답십리2동,371647.56,-557865.0700000001,0.39983056497037595,11200690,성수2가3동,5117478.63,52813.24,0.05681820590216186,0.30782946022911206,0.25,442.0
11230600,답십리1동,5,60,1579052.19,586625.81,0.3715050165631321,992426.3799999999,0.6284949834368678,5,586625.81,0.3715050165631321,413,0.014969221680827993,4.838298211567993,0.8032440121537707,126.25431067942141,0.0606510985555202,답십리1동 | 종로1.2.3.4가동 | 전농1동 | 여의동 | 성수2가3동,821666.42,-757385.7699999999,0.5203541879131938,11200690,성수2가3동,5117478.63,95771.25,0.0606510985555202,0.30782946022911206,0.25,442.0
11230610,답십리2동,5,60,1419326.5,597967.4,0.421303625346247,821359.1,0.578696374653753,5,597967.4,0.421303625346247,392,0.015456594764185422,4.837803657351272,0.8101811287379479,126.19188651503487,0.05552198172865793,답십리2동 | 장안1동 | 종로1.2.3.4가동 | 답십리1동 | 성수2가3동,605855.98,-813470.52,0.4268615994980718,11200690,성수2가3동,5117478.63,78803.82,0.05552198172865793,0.30782946022911206,0.25,442.0
11230650,장안1동,5,60,1773198.2,752520.38,0.4243859372291265,1020677.82,0.5756140627708736,5,752520.38,0.4243859372291265,409,0.019744089318093874,4.808816015889736,0.7996414680628264,122.58639122207576,0.09975251497548329,장안1동 | 장안2동 | 종로1.2.3.4가동 | 역삼1동 | 성수2가3동,1886927.64,113729.43999999994,1.0641380303679533,11200690,성수2가3동,5117478.63,176880.98,0.09975251497548329,0.30782946022911206,0.25,442.0
11230660,장안2동,5,60,1716947.77,795258.49,0.46318152706532245,921689.28,0.5368184729346775,5,795258.49,0.46318152706532245,405,0.020669591893176246,4.788821357175743,0.7976201590153537,120.15965984673723,0.09179864568623425,장안2동 | 장안1동 | 종로1.2.3.4가동 | 답십리2동 | 역삼1동,1070989.69,-645958.0800000001,0.6237753464102173,11200690,성수2가3동,5117478.63,157613.48,0.09179864568623425,0.30782946022911206,0.25,442.0
11230705,청량리동,5,60,882087.8,286550.22,0.3248545326213558,595537.5800000001,0.6751454673786442,5,286550.22,0.32485453262135583,398,0.018905552631458343,4.764781714793081,0.7959274893688367,117.30550843571194,0.0772799261025943,청량리동 | 제기동 | 종로1.2.3.4가동 | 전농1동 | 명동,729676.29,-152411.51,0.8272150346031314,11200690,성수2가3동,5117478.63,68167.68,0.0772799261025943,0.30782946022911206,0.25,442.0
11230710,회기동,5,60,455396.7,181328.23,0.39817642508169254,274068.47,0.6018235749183074,5,181328.23,0.39817642508169254,374,0.03093228438027606,4.570590062536698,0.7715045093986991,96.60109364553132,0.14329032248147605,회기동 | 청량리동 | 종로1.2.3.4가동 | 제기동 | 휘경1동,635292.14,179895.44,1.3950301791822382,11200690,성수2가3동,5117478.63,65253.94,0.14329032248147605,0.30782946022911206,0.25,442.0
11230720,휘경1동,5,60,819169.85,278328.17,0.3397685718047362,540841.6799999999,0.6602314281952637,5,278328.17,0.3397685718047362,388,0.01332365343684613,4.875217831218523,0.8178516128500279,131.0026865778237,0.03865078774566716,휘경1동 | 종로1.2.3.4가동 | 이문1동 | 명동 | 회기동,332207.54,-486962.31,0.4055417078643702,11200690,성수2가3동,5117478.63,31661.56,0.03865078774566716,0.30782946022911206,0.25,442.0
11230730,휘경2동,5,60,1123217.52,479388.42,0.42679927214810537,643829.1000000001,0.5732007278518947,5,479388.42,0.42679927214810537,392,0.015580554958365835,4.828982648698998,0.8087038850851083,125.08364189597715,0.06519203867119167,전농1동 | 휘경2동 | 종로1.2.3.4가동 | 장안2동 | 명동,403510.81,-719706.71,0.35924547366390797,11200690,성수2가3동,5117478.63,43278.04,0.038530417509869325,0.30782946022911206,0.25,442.0
11230740,이문1동,5,60,961371.14,308969.84,0.32138455914122827,652401.3,0.6786154408587718,5,308969.84,0.32138455914122827,399,0.01803162184471173,4.817067738627928,0.804324390042487,123.60212514776559,0.07861951212723112,이문1동 | 종로1.2.3.4가동 | 회기동 | 명동 | 여의동,568510.03,-392861.11,0.5913533351958121,11200690,성수2가3동,5117478.63,75582.53,0.07861951212723112,0.30782946022911206,0.25,442.0
11230750,이문2동,5,60,903887.33,271401.85,0.30026070837833296,632485.48,0.699739291621667,5,271401.85,0.30026070837833296,375,0.01259832406663373,4.959997023904386,0.8368582638235795,142.59337152484997,0.045794302703634535,종로1.2.3.4가동 | 이문2동 | 이문1동 | 명동 | 석관동,211305.19,-692582.1399999999,0.23377381559270227,11200690,성수2가3동,5117478.63,40046.76,0.04430503523044183,0.30782946022911206,0.25,442.0
11260520,면목2동,5,60,1040504.22,481855.86,0.46309841972577487,558648.36,0.5369015802742251,5,481855.86,0.46309841972577487,393,0.014078708771239774,4.865912063976154,0.8145408675743793,129.78926075415043,0.05652315374559461,면목2동 | 상봉2동 | 역삼1동 | 성수2가3동 | 면목본동,446351.86,-594152.36,0.4289765014119789,11200690,성수2가3동,5117478.63,58812.58,0.05652315374559461,0.30782946022911206,0.25,442.0
11260540,면목4동,5,60,820063.51,360986.82,0.440193735726639,459076.69,0.559806264273361,5,360986.82,0.440193735726639,388,0.01192805727080595,4.923134016615993,0.8258898853674115,137.43265518001508,0.045259421431883974,면목4동 | 성수2가3동 | 역삼1동 | 면목3.8동 | 면목7동,347158.4,-472905.11,0.4233311149279158,11200690,성수2가3동,5117478.63,37115.6,0.045259421431883974,0.30782946022911206,0.25,442.0
11260550,면목5동,5,60,714538.73,324746.46,0.45448405574880457,389792.26999999996,0.5455159442511954,5,324746.46,0.45448405574880457,368,0.012825869363090815,4.86802392776647,0.8239599847721835,130.06364762617906,0.0368606191577607,면목3.8동 | 장안2동 | 장안1동 | 성수2가3동 | 면목2동,203342.1,-511196.63,0.2845781361634519,11200690,성수2가3동,5117478.63,17980.02,0.02516311467119494,0.30782946022911206,0.25,442.0
11260565,면목본동,5,60,1696848.56,729653.7,0.43000519739958404,967194.8600000001,0.5699948026004159,5,729653.7,0.43000519739958404,400,0.012561308864561523,4.942311590988566,0.8248920697317935,140.09371492513188,0.045865978752989006,면목본동 | 면목3.8동 | 역삼1동 | 성수2가3동 | 상봉2동,600208.7,-1096639.86,0.35371966252545245,11200690,성수2가3동,5117478.63,77827.62,0.045865978752989006,0.30782946022911206,0.25,442.0
11260570,면목7동,5,60,1036575.49,430238.1,0.41505718025418487,606337.39,0.5849428197458152,5,430238.1,0.41505718025418487,386,0.011523820203770121,4.962521358033509,0.8332197557099217,142.95377954292263,0.04085253839061929,면목3.8동 | 역삼1동 | 면목7동 | 면목4동 | 성수2가3동,253947.94,-782627.55,0.24498740559648,11200690,성수2가3동,5117478.63,30539.58,0.0294619931636624,0.30782946022911206,0.25,442.0
11260575,면목3.8동,5,60,1243358.69,563036.04,0.45283476484167257,680322.6499999999,0.5471652351583274,5,563036.04,0.45283476484167257,407,0.013003816593117841,4.930866551232802,0.8206057334547681,138.4994772473356,0.052594179399671065,면목3.8동 | 역삼1동 | 면목본동 | 성수2가3동 | 망우본동,740594.01,-502764.67999999993,0.5956398712265405,11200690,성수2가3동,5117478.63,65393.43,0.052594179399671065,0.30782946022911206,0.25,442.0
11260580,상봉1동,5,60,1034408.05,441483.79,0.42679848634201945,592924.26,0.5732015136579806,5,441483.79,0.42679848634201945,380,0.012841255771713248,4.927269770467964,0.8294827810244381,138.00221979073774,0.03642418482725458,신내1동 | 상봉1동 | 상봉2동 | 망우본동 | 역삼1동,328794.74,-705613.31,0.3178578704989776,11200690,성수2가3동,5117478.63,37426.93,0.03618197866886283,0.30782946022911206,0.25,442.0
11260590,상봉2동,5,60,1272903.87,486126.53,0.3819035682561009,786777.3400000001,0.618096431743899,5,486126.53,0.3819035682561009,405,0.013096741777968183,4.907571052520709,0.8173989613175421,135.31035319273298,0.04806400659305089,상봉2동 | 역삼1동 | 논현2동 | 청담동 | 성수2가3동,920022.31,-352881.56000000006,0.7227743835832631,11200690,성수2가3동,5117478.63,61180.86,0.04806400659305089,0.30782946022911206,0.25,442.0
11260600,중화1동,5,60,932576.9,366433.66,0.3929259453027412,566143.24,0.6070740546972587,5,366433.66,0.3929259453027412,393,0.010897441203846546,5.017749220993759,0.8399580078722425,151.07089364788072,0.039939730439387894,중화1동 | 중화2동 | 역삼1동 | 종로1.2.3.4가동 | 신내1동,375197.26,-557379.64,0.4023231328161785,11200690,성수2가3동,5117478.63,37246.87,0.039939730439387894,0.30782946022911206,0.25,442.0
11260610,중화2동,5,60,1148321.58,495754.68,0.43172112118627953,652566.9000000001,0.5682788788137205,5,495754.68,0.43172112118627953,398,0.012010120775493441,4.977340923702961,0.831434198304655,145.08806801986702,0.05481825918485307,중화2동 | 상봉2동 | 종로1.2.3.4가동 | 역삼1동 | 신내1동,425779.4,-722542.18,0.3707841143244909,11200690,성수2가3동,5117478.63,62948.99,0.05481825918485307,0.30782946022911206,0.25,442.0
11260620,묵1동,5,60,1600467.21,570920.83,0.3567213538851571,1029546.38,0.643278646114843,5,570920.83,0.3567213538851571,403,0.012649449138709867,4.990003965762908,0.8318147582050156,146.93700621186832,0.059500413007524226,묵1동 | 신내1동 | 종로1.2.3.4가동 | 역삼1동 | 공릉1동,610692.35,-989774.86,0.3815712975462959,11200690,성수2가3동,5117478.63,95228.46,0.059500413007524226,0.30782946022911206,0.25,442.0
11260630,묵2동,5,60,826571.51,307298.47,0.3717748147404693,519273.04000000004,0.6282251852595307,5,307298.47,0.3717748147404693,371,0.012141540080612138,4.9581077536406815,0.8380558508942315,142.32422843030466,0.04524514763398995,묵2동 | 묵1동 | 역삼1동 | 신내1동 | 종로1.2.3.4가동,308075.27,-518496.24,0.3727146003374832,11200690,성수2가3동,5117478.63,37398.35,0.04524514763398995,0.30782946022911206,0.25,442.0
11260655,망우본동,5,60,1706881.98,786332.5700000001,0.46068362031685406,920549.4099999999,0.5393163796831459,5,786332.5700000001,0.46068362031685406,396,0.01785071782943103,4.852105400813589,0.8111970228853217,128.00961788375287,0.0890620451684656,망우본동 | 신내1동 | 상봉2동 | 역삼1동 | 종로1.2.3.4가동,849754.96,-857127.02,0.49784048924108976,11200690,성수2가3동,5117478.63,152018.4,0.0890620451684656,0.30782946022911206,0.25,442.0
11260660,망우3동,5,60,650329.42,323589.08,0.49757718173045284,326740.34,0.5024228182695472,5,323589.08,0.49757718173045284,373,0.01707189681878617,4.756913607587485,0.8033185192325147,116.38615763770973,0.06790781508854389,망우본동 | 망우3동 | 면목3.8동 | 면목본동 | 신내1동,262982.44,-387346.98000000004,0.404383427709606,11200690,성수2가3동,5117478.63,28808.2,0.04429785753810738,0.30782946022911206,0.25,442.0
11260680,신내1동,5,60,1660775.95,750271.4,0.45175955251519634,910504.5499999999,0.5482404474848037,5,750271.4,0.45175955251519634,412,0.019491687674766004,4.8429966172999634,0.8043477555726752,126.8489003744214,0.09847380075560465,신내1동 | 망우본동 | 신내2동 | 상봉2동 | 종로1.2.3.4가동,1152842.9000000001,-507933.0499999998,0.6941591970909744,11200690,성수2가3동,5117478.63,163542.92,0.09847380075560465,0.30782946022911206,0.25,442.0
11260690,신내2동,5,60,909497.94,341425.02,0.37539944290583005,568072.9199999999,0.62460055709417,5,341425.02,0.37539944290583005,386,0.013882905676252425,4.937655208710355,0.8290446670060828,139.44290142778897,0.06174232786057767,신내1동 | 신내2동 | 종로1.2.3.4가동 | 묵1동 | 망우본동,420814.84,-488683.0999999999,0.46268916233059315,11200690,성수2가3동,5117478.63,38085.0,0.04187475125012378,0.30782946022911206,0.25,442.0
