행정동코드,시군구명,행정동명,권역,군집,행정동_유형,4사분면_주거통근,4사분면_부담구조,자기군집중심거리,두번째군집중심거리,경계거리차이,군집경계_모호,군집내_중심거리백분위,표면주거비_원,대표_편도통근시간_분,월통근교통비_원,동일통근권_내부출근비율,목적지_정규화엔트로피,목적지_HHI,청년1인세대_비율,표면주거비_대체여부,표면주거비_대체방법,표면주거비_참고동,청년1인세대_비율_보정여부,청년1인세대_비율_보정방법
1111051500,종로구,청운효자동,도심권,2,근접통근 균형형,고주거비·저통근부담,저부담·지역집중,0.1812025769186779,0.6845339940898559,0.503331417171178,False,0.05063291139240506,718483.709273183,26.2809058818,64666.07171024424,0.6324533580112854,0.7440206249874926,0.0310803197116167,13.2,False,원천관측값,,False,원천관측값
1111053000,종로구,사직동,도심권,6,고주거비·직주근접형,고주거비·저통근부담,고부담·지역집중,0.49479464428998493,1.5535589200905107,1.0587642758005258,False,0.1875,943454.2970690512,21.436402533,64422.24869384613,0.7152903352277705,0.6164305175029969,0.0834508600680851,21.27,False,원천관측값,,False,원천관측값
1111054000,종로구,삼청동,도심권,2,근접통근 균형형,고주거비·저통근부담,저부담·지역집중,0.7952232584371616,0.9874275074562255,0.19220424901906397,False,0.8860759493670886,726250.0,25.6785468398,59473.419297781045,0.6632270194373366,0.6822950905661994,0.0501086384021208,14.54,False,원천관측값,,False,원천관측값
1111055000,종로구,부암동,도심권,5,저주거비·지역연계형,고주거비·고통근부담,고부담·지역집중,0.27200133343258526,0.7091703983297759,0.43716906489719065,False,0.10256410256410256,645093.6971235195,32.5494143662,64874.53318320152,0.6474236089994775,0.765135172311845,0.0245146945874516,13.61,False,원천관측값,,False,원천관측값
1111056000,종로구,평창동,도심권,5,저주거비·지역연계형,고주거비·고통근부담,고부담·광역분산,0.44456368854600437,0.7662468473838884,0.321683158837884,False,0.46153846153846156,713569.7619047619,33.3110378508,66590.2081185453,0.6004209950431321,0.7776410602893082,0.0225006350014495,7.57,False,원천관측값,,False,원천관측값
1111057000,종로구,무악동,도심권,2,근접통근 균형형,저주거비·저통근부담,저부담·지역집중,0.6083997773853671,0.8226596746640528,0.21425989727868566,False,0.6455696202531646,554325.3968253968,22.964864713,64543.34676971187,0.6613168221222054,0.7436662984292733,0.0302099230919372,3.34,False,원천관측값,,False,원천관측값
1111058000,종로구,교남동,도심권,2,근접통근 균형형,고주거비·저통근부담,저부담·지역집중,0.28430161365214557,0.8312506590345898,0.5469490453824443,False,0.0759493670886076,700851.4492753622,25.7474545762,62481.10879394463,0.6360664131890489,0.7292493491045677,0.0302560609418799,12.92,False,원천관측값,,False,원천관측값
1111060000,종로구,가회동,도심권,6,고주거비·직주근접형,고주거비·저통근부담,저부담·지역집중,0.7916580444968112,0.9235897453439806,0.13193170084716943,False,0.65625,757213.5416666667,21.8770272128,60228.0866328476,0.6432746694048028,0.6683575335290249,0.0628392689796071,14.18,False,원천관측값,,False,원천관측값
1111061500,종로구,종로1.2.3.4가동,도심권,6,고주거비·직주근접형,고주거비·저통근부담,저부담·지역집중,1.1734731114999013,2.23027999121117,1.0568068797112686,False,0.84375,790653.9067422808,17.6961480274,63431.22198900912,0.7522489661337778,0.5404894857125553,0.1663009382979355,26.67,False,원천관측값,,False,원천관측값
1111063000,종로구,종로5.6가동,도심권,6,고주거비·직주근접형,고주거비·저통근부담,저부담·지역집중,1.4575970137342205,1.497445532243855,0.039848518509634445,True,0.9375,709853.3415841584,19.0069369474,61546.01915346505,0.3687134867687781,0.6351441528466546,0.0740117703525443,38.12,False,원천관측값,,False,원천관측값
1111064000,종로구,이화동,도심권,2,근접통근 균형형,고주거비·저통근부담,저부담·지역집중,1.026388401063622,1.289527303417416,0.263138902353794,False,0.9873417721518988,657135.0524475526,20.955718844,64103.35495707185,0.4044707295866254,0.6828949703722573,0.0577988897093425,38.6,False,원천관측값,,False,원천관측값
1111065000,종로구,혜화동,도심권,3,광역분산 통근형,저주거비·저통근부담,저부담·광역분산,0.7521569603314597,0.9680044386841282,0.2158474783526685,False,0.9736842105263158,628890.253890254,24.8816412773,62405.90718349833,0.3470928902897141,0.7332474221750922,0.0364199329883104,41.32,False,원천관측값,,False,원천관측값
1111067000,종로구,창신제1동,도심권,2,근접통근 균형형,저주거비·저통근부담,저부담·지역집중,0.451507243052653,0.9088956252126632,0.4573883821600102,False,0.3670886075949367,607551.9943019943,23.0691810124,62764.21355798424,0.5448508855956802,0.7501913778222019,0.0253666738939204,14.51,False,원천관측값,,False,원천관측값
1111068000,종로구,창신제2동,도심권,2,근접통근 균형형,저주거비·저통근부담,저부담·광역분산,0.7871307639976493,0.903930569964672,0.11679980596702277,False,0.8481012658227848,484720.4861111111,23.5905393378,62792.29560296449,0.51416218218576,0.7554795076233025,0.0282579370667673,10.0,False,원천관측값,,False,원천관측값
1111069000,종로구,창신제3동,도심권,3,광역분산 통근형,저주거비·저통근부담,저부담·광역분산,0.6462183745242489,0.8987987242541422,0.2525803497298933,False,0.9210526315789473,578179.012345679,25.6011883418,59896.93064433546,0.4617016629978401,0.79718048076038,0.0186233258658811,8.83,False,원천관측값,,False,원천관측값
1111070000,종로구,숭인제1동,도심권,2,근접통근 균형형,고주거비·저통근부담,저부담·광역분산,0.5954561032713669,0.6676608583130037,0.07220475504163681,True,0.6329113924050633,656399.2616033755,23.4705466332,62239.76181071702,0.4932663587503431,0.7813328168166164,0.0195540208057019,13.56,False,원천관측값,,False,원천관측값
1111071000,종로구,숭인제2동,도심권,2,근접통근 균형형,고주거비·저통근부담,저부담·광역분산,0.4547083147223053,0.6693802046916755,0.2146718899693702,False,0.379746835443038,673613.5455827068,23.6502191218,64168.46145744719,0.497660451445031,0.7658564163171432,0.021746071788207,43.39,False,원천관측값,,False,원천관측값
1114052000,중구,소공동,도심권,6,고주거비·직주근접형,고주거비·고통근부담,고부담·지역집중,2.8572664737286644,3.4850582863161645,0.6277918125875002,False,1.0,1294862.5429553264,15.46147863,92154.0413460546,0.8179355604812607,0.5281165908175568,0.1254537079872457,26.3,False,원천관측값,,False,원천관측값
1114054000,중구,회현동,도심권,6,고주거비·직주근접형,저주거비·저통근부담,저부담·지역집중,1.2043620538810906,2.0939233498589704,0.8895612959778798,False,0.875,639416.6666666667,16.6198190974,63125.442091857134,0.7790313996139001,0.5638587431153148,0.1335006770911274,12.42,False,원천관측값,,False,원천관측값
1114055000,중구,명동,도심권,6,고주거비·직주근접형,고주거비·고통근부담,고부담·지역집중,1.3429736897332778,2.3463907485394877,1.00341705880621,False,0.90625,834107.4297188756,17.0822086353,77985.83503741672,0.7879729546947346,0.5575073153765164,0.1226236616478827,27.64,False,원천관측값,,False,원천관측값
1114057000,중구,필동,도심권,6,고주거비·직주근접형,고주거비·저통근부담,저부담·지역집중,0.5515986475269277,0.9612086767324726,0.4096100292055449,False,0.34375,785038.3953168045,18.198466035,66377.9747937935,0.6497619687582853,0.6828502892938421,0.042893887878119,34.63,False,원천관측값,,False,원천관측값
1114058000,중구,장충동,도심권,2,근접통근 균형형,저주거비·저통근부담,저부담·지역집중,0.8435589880744265,1.2768226581858626,0.43326367011143607,False,0.9367088607594937,587802.9068187992,21.6802948021,58716.21586052783,0.63170245041126,0.7013963599948707,0.0334665533396232,43.36,False,원천관측값,,False,원천관측값
1114059000,중구,광희동,도심권,6,고주거비·직주근접형,고주거비·저통근부담,저부담·지역집중,0.7249387671212751,0.9021267358347753,0.17718796871350018,False,0.5625,891594.4645006016,19.3678054812,63401.51999946693,0.6296798813622342,0.6967115957634901,0.0423287047300338,41.38,False,원천관측값,,False,원천관측값
1114060500,중구,을지로동,도심권,6,고주거비·직주근접형,고주거비·저통근부담,저부담·지역집중,0.7074346120280489,1.8608261032941418,1.1533914912660927,False,0.5,927291.6666666669,17.5581911494,65069.77514204776,0.737260914576044,0.5923281561664401,0.0839535318050454,31.9,False,원천관측값,,False,원천관측값
1114061500,중구,신당동,도심권,2,근접통근 균형형,고주거비·저통근부담,저부담·지역집중,0.5433202046196309,1.150771903192682,0.607451698573051,False,0.5569620253164557,691126.9581056465,19.5028579139,64837.33608502534,0.5896740256311763,0.7422412627397705,0.0264680804691272,29.28,False,원천관측값,,False,원천관측값
1114062500,중구,다산동,도심권,2,근접통근 균형형,고주거비·저통근부담,저부담·광역분산,0.38443304914305076,0.8000428090840669,0.4156097599410161,False,0.20253164556962025,715823.669467787,23.9397949728,62736.27014824576,0.5405584059815398,0.7734023306815365,0.0188097487677193,21.51,False,원천관측값,,False,원천관측값
1114063500,중구,약수동,도심권,2,근접통근 균형형,고주거비·저통근부담,저부담·광역분산,0.798738039243678,0.838470855262779,0.03973281601910095,True,0.8987341772151899,800608.3540115799,23.2046317938,61182.20712387364,0.4782598370658227,0.8001131847710681,0.0161683280655694,10.81,False,원천관측값,,False,원천관측값
1114064500,중구,청구동,도심권,3,광역분산 통근형,고주거비·저통근부담,저부담·광역분산,0.49499147825411377,0.7223870994778178,0.227395621223704,False,0.6578947368421053,740712.1749408983,25.2986267995,65590.40202764168,0.4628889899887769,0.7984443609703842,0.0153578444670504,12.02,False,원천관측값,,False,원천관측값
1114065000,중구,신당제5동,도심권,2,근접통근 균형형,고주거비·저통근부담,저부담·광역분산,0.6915476249192348,0.7573026419133887,0.06575501699415387,True,0.7341772151898734,697005.9117780811,22.2130890052,61260.172300357,0.4635747883543236,0.7771615216393444,0.017361401622023,20.65,False,원천관측값,,False,원천관측값
1114066500,중구,동화동,도심권,3,광역분산 통근형,고주거비·저통근부담,저부담·광역분산,0.5375466026221084,0.5566181538199001,0.019071551197791692,True,0.7368421052631579,687805.9071729957,24.6751918592,64076.01832598911,0.4849321914705939,0.7833224684594208,0.0180696520043422,6.64,False,원천관측값,,False,원천관측값
1114067000,중구,황학동,도심권,2,근접통근 균형형,고주거비·저통근부담,저부담·광역분산,0.6087047192932915,0.9267299146486625,0.318025195355371,False,0.6582278481012658,771986.2710363152,24.723146848,59117.80402521741,0.5050871832274286,0.766449843243985,0.0208955947364538,33.45,False,원천관측값,,False,원천관측값
1114068000,중구,중림동,도심권,2,근접통근 균형형,고주거비·저통근부담,고부담·지역집중,1.0235634874810227,1.2527029384607613,0.22913945097973865,False,0.9746835443037974,1057657.9034391537,25.8687451907,63184.22723579613,0.6261364013826496,0.7351423675904254,0.0285852738495855,16.28,False,원천관측값,,False,원천관측값
1117051000,용산구,후암동,도심권,2,근접통근 균형형,고주거비·저통근부담,저부담·지역집중,0.17952928644881944,0.7144559091142307,0.5349266226654112,False,0.0379746835443038,713671.7858341724,26.6719311919,63092.473551894975,0.6206612634355095,0.7426609154674882,0.0265012226578118,22.61,False,원천관측값,,False,원천관측값
1117052000,용산구,용산2가동,도심권,2,근접통근 균형형,고주거비·저통근부담,저부담·광역분산,0.4278349290836648,0.7963412374119248,0.36850630832826,False,0.31645569620253167,712246.2061747777,24.224122318,64052.91499420656,0.5712210658814731,0.7860193958929591,0.0174802292153049,27.02,False,원천관측값,,False,원천관측값
1117053000,용산구,남영동,도심권,2,근접통근 균형형,고주거비·저통근부담,고부담·지역집중,0.6775623017013319,0.9477998003025654,0.2702374986012335,False,0.7215189873417721,914538.2136279928,23.3239828178,63987.31725658304,0.6522619240602108,0.7291197558005453,0.0281554869038072,20.46,False,원천관측값,,False,원천관측값
1117055500,용산구,청파동,도심권,2,근접통근 균형형,고주거비·저통근부담,저부담·지역집중,0.3592192687313026,0.866545903095672,0.5073266343643694,False,0.16455696202531644,657206.5823327617,23.0427169015,63341.304939992544,0.6405715267210015,0.7415961553169689,0.0247197688029268,35.37,False,원천관측값,,False,원천관측값
1117056000,용산구,원효로제1동,도심권,2,근접통근 균형형,고주거비·저통근부담,저부담·지역집중,0.7045590004855012,1.211416067934879,0.5068570674493779,False,0.7468354430379747,937157.421875,23.6061875242,61869.9588494567,0.5747037320550575,0.7389792892943541,0.0271813033614994,35.79,False,원천관측값,,False,원천관측값
1117057000,용산구,원효로제2동,도심권,2,근접통근 균형형,고주거비·저통근부담,저부담·지역집중,0.17792620275698262,0.779114382669178,0.6011881799121954,False,0.02531645569620253,754382.7300150828,26.5380342651,64087.32409944877,0.5645873030929645,0.7531763426537439,0.025605596133385,19.64,False,원천관측값,,False,원천관측값
1117058000,용산구,효창동,도심권,2,근접통근 균형형,고주거비·저통근부담,저부담·광역분산,0.4120957425485477,0.9243577515222173,0.5122620089736696,False,0.26582278481012656,816336.2068965517,25.0305007574,63537.179994874255,0.5865623217920045,0.7738974359398899,0.019035392139898,19.15,False,원천관측값,,False,원천관측값
1117059000,용산구,용문동,도심권,2,근접통근 균형형,고주거비·저통근부담,고부담·광역분산,0.5429496162880921,0.9024182932957913,0.35946867700769913,False,0.5443037974683544,845385.9437751005,27.1194387011,64957.99378048944,0.5631353777370067,0.7806375605840278,0.019022505969211,18.25,False,원천관측값,,False,원천관측값
1117062500,용산구,한강로동,도심권,2,근접통근 균형형,고주거비·저통근부담,고부담·지역집중,0.7112722949594514,1.0503807914605154,0.339108496501064,False,0.759493670886076,935611.2217795484,25.4313430792,65180.2496175093,0.5521698229938945,0.7191026476173576,0.0474287153483686,30.4,False,원천관측값,,False,원천관측값
1117063000,용산구,이촌제1동,도심권,2,근접통근 균형형,고주거비·저통근부담,고부담·광역분산,1.3333660964857361,1.4910811276968317,0.15771503121109554,False,1.0,1127500.0,28.926709836,65295.17252774544,0.4717791506969875,0.7601018462412462,0.0258518691318309,3.05,False,원천관측값,,False,원천관측값
1117064000,용산구,이촌제2동,도심권,3,광역분산 통근형,저주거비·저통근부담,저부담·광역분산,0.5354257551190389,0.5533416691322555,0.01791591401321657,True,0.7236842105263158,609905.9139784946,28.7215953885,64742.00769567961,0.5233299092961763,0.7835277501619106,0.0244878116373204,9.57,False,원천관측값,,False,원천관측값
1117065000,용산구,이태원제1동,도심권,2,근접통근 균형형,고주거비·저통근부담,저부담·지역집중,0.2932112712985483,0.9849349028710329,0.6917236315724846,False,0.08860759493670886,764750.3063725492,23.5568568666,62548.90345098558,0.5688455758438001,0.7551959260120275,0.0253820035199786,25.67,False,원천관측값,,False,원천관측값
1117066000,용산구,이태원제2동,도심권,2,근접통근 균형형,고주거비·저통근부담,저부담·광역분산,0.4945045659632415,0.7601701870903942,0.2656656211271527,False,0.4430379746835443,785449.3464052288,27.8762310808,63069.31461153558,0.5364048949618044,0.7802256192819257,0.0202329306257758,27.44,False,원천관측값,,False,원천관측값
1117068500,용산구,한남동,도심권,2,근접통근 균형형,고주거비·저통근부담,저부담·지역집중,0.47174984868693054,1.1006893007558236,0.6289394520688931,False,0.4177215189873418,763561.4864864865,26.4227954445,63079.38897196693,0.5332211927096213,0.7059594443430981,0.0498927762043371,19.51,False,원천관측값,,False,원천관측값
1117069000,용산구,서빙고동,도심권,2,근접통근 균형형,저주거비·저통근부담,저부담·광역분산,0.549358106388113,0.5512814118882974,0.0019233055001843802,True,0.569620253164557,610000.0,25.491446123,65692.35381760879,0.5011035825471829,0.7721837888682613,0.0230675684360672,9.84,False,원천관측값,,False,원천관측값
1117070000,용산구,보광동,도심권,3,광역분산 통근형,저주거비·저통근부담,저부담·광역분산,0.613873268961237,0.6393431663644222,0.025469897403185282,True,0.868421052631579,608289.3847194051,24.5401813858,62769.68148746499,0.5044657824497788,0.7876589408652389,0.0190877296013602,19.16,False,원천관측값,,False,원천관측값
1120052000,성동구,왕십리제2동,동북권,3,광역분산 통근형,고주거비·저통근부담,저부담·광역분산,0.5712276108867416,1.1398929435433345,0.5686653326565929,False,0.7763157894736842,715378.8659793814,27.5588446274,62051.82609814788,0.284079509282609,0.8094444301151132,0.0141452186581563,16.49,False,원천관측값,,False,원천관측값
1120053500,성동구,왕십리도선동,동북권,3,광역분산 통근형,고주거비·저통근부담,고부담·광역분산,0.8138560995048074,1.324553175112862,0.5106970756080547,False,0.9868421052631579,858119.6721311476,27.6881656974,64154.78085640507,0.2705368102801972,0.7805930684342282,0.0190799714693596,20.81,False,원천관측값,,False,원천관측값
1120054000,성동구,마장동,동북권,3,광역분산 통근형,저주거비·저통근부담,저부담·광역분산,0.11823953361467494,0.8167291572418827,0.6984896236272077,False,0.013157894736842105,631940.5563872254,28.0703973846,66044.36051537747,0.3817369635034505,0.7845757155782193,0.0213385014504536,26.54,False,원천관측값,,False,원천관측값
1120055000,성동구,사근동,동북권,3,광역분산 통근형,저주거비·저통근부담,저부담·광역분산,0.28306838434066783,0.8472319315219407,0.5641635471812728,False,0.14473684210526316,613485.485906605,28.2283188319,65021.12465247344,0.3985584263214201,0.7681713092587084,0.0224966991637755,59.9,False,원천관측값,,False,원천관측값
1120056000,성동구,행당제1동,동북권,3,광역분산 통근형,고주거비·저통근부담,저부담·광역분산,0.3311264042584414,0.9398907568718706,0.6087643526134292,False,0.2894736842105263,681723.8831615121,27.942683727,64985.23533784457,0.31161718177736,0.8035391529427389,0.0150155674243905,21.6,False,원천관측값,,False,원천관측값
1120057000,성동구,행당제2동,동북권,3,광역분산 통근형,고주거비·저통근부담,고부담·광역분산,0.42856323401701996,0.9988809782165293,0.5703177441995093,False,0.5394736842105263,697618.5344827586,27.6469835409,66752.73411571985,0.2900439255625965,0.8003726272911678,0.0153823832526058,5.98,False,원천관측값,,False,원천관측값
1120058000,성동구,응봉동,동북권,3,광역분산 통근형,저주거비·저통근부담,저부담·광역분산,0.4590976699096228,1.0036715237793046,0.5445738538696818,False,0.6052631578947368,562384.6153846154,26.0875239969,65281.76440113319,0.3012563423635803,0.8079725550377105,0.0143711424864733,7.26,False,원천관측값,,False,원천관측값
1120059000,성동구,금호1가동,동북권,3,광역분산 통근형,고주거비·저통근부담,저부담·광역분산,0.5892135377435481,1.2414249845284588,0.6522114467849107,False,0.8157894736842105,643587.9629629628,24.1369829205,64536.97727413993,0.270646606971705,0.8057865812570525,0.0141943619528116,8.84,False,원천관측값,,False,원천관측값
1120061500,성동구,금호2.3가동,동북권,3,광역분산 통근형,저주거비·저통근부담,저부담·광역분산,0.6217678244104837,1.1258959930325647,0.504128168622081,False,0.8947368421052632,593555.5555555555,27.3047068958,64478.25836363924,0.2309833723144738,0.8021901109108792,0.0146391472127198,11.31,False,원천관측값,,False,원천관측값
1120062000,성동구,금호4가동,동북권,3,광역분산 통근형,저주거비·저통근부담,저부담·광역분산,0.6308631569607814,1.145885885960995,0.5150227290002136,False,0.9078947368421053,620301.8518518519,27.2715953772,67480.37137333502,0.2314285138578797,0.7835566803346623,0.0169686518650329,9.93,False,원천관측값,,False,원천관측값
1120064500,성동구,옥수동,동북권,3,광역분산 통근형,고주거비·고통근부담,고부담·광역분산,0.598578837703689,0.9857435008503066,0.38716466314661757,False,0.8289473684210527,821379.2517006801,28.476256734,67632.06509868869,0.3802270667138795,0.7786625194249395,0.0198656206499812,8.07,False,원천관측값,,False,원천관측값
1120065000,성동구,성수1가제1동,동북권,3,광역분산 통근형,고주거비·저통근부담,저부담·광역분산,0.6193993116307865,0.7498371527689885,0.130437841138202,False,0.881578947368421,752930.7329683698,27.457679288,63176.7323071192,0.396918385406077,0.7482026562555728,0.0278595776398313,19.1,False,원천관측값,,False,원천관측값
1120066000,성동구,성수1가제2동,동북권,2,근접통근 균형형,고주거비·저통근부담,저부담·광역분산,0.7474658457496287,0.8224807129547009,0.07501486720507222,True,0.8354430379746836,847785.8442503639,24.8462744257,63905.21429822348,0.4206369062271032,0.7549507182993571,0.028507407522793,23.43,False,원천관측값,,False,원천관측값
1120067000,성동구,성수2가제1동,동북권,3,광역분산 통근형,저주거비·저통근부담,저부담·광역분산,0.6685002267716265,0.6894331582086847,0.02093293143705821,True,0.9342105263157895,621574.4175627241,24.7228694034,62848.698553329785,0.4263837269219706,0.7428365148257582,0.0294792166083807,17.61,False,원천관측값,,False,원천관측값
1120069000,성동구,성수2가제3동,동북권,2,근접통근 균형형,고주거비·저통근부담,저부담·지역집중,0.4455100158342762,0.9541689423232524,0.5086589264889763,False,0.34177215189873417,754901.1890118901,25.0487458,64864.400667007285,0.4952260535041857,0.7206878803253179,0.0446632272553719,27.88,False,원천관측값,,False,원천관측값
1120072000,성동구,송정동,동북권,3,광역분산 통근형,저주거비·저통근부담,저부담·광역분산,0.5543122318579827,0.6877067595331833,0.13339452767520055,False,0.7631578947368421,582179.4976794976,28.1351225442,62056.3294356862,0.4856236369953101,0.7730484871248093,0.024223503268289,22.48,False,원천관측값,,False,원천관측값
1120079000,성동구,용답동,동북권,3,광역분산 통근형,고주거비·고통근부담,고부담·광역분산,0.376928618418877,0.6013887336673215,0.2244601152484445,False,0.3815789473684211,667895.5328059563,30.3214412048,69034.78459081223,0.4120178638537284,0.8002740307997309,0.0154066417339791,36.79,False,원천관측값,,False,원천관측값
1121571000,광진구,화양동,동북권,3,광역분산 통근형,고주거비·저통근부담,저부담·광역분산,0.40797574721679986,0.8535400227721702,0.44556427555537037,False,0.4605263157894737,652723.0148477331,27.7102501777,65836.96527564908,0.3781771662523394,0.7546514748964365,0.0215504634844433,66.29,False,원천관측값,,False,원천관측값
1121573000,광진구,군자동,동북권,3,광역분산 통근형,고주거비·저통근부담,저부담·광역분산,0.16588188498505413,0.7127120636779153,0.5468301786928611,False,0.02631578947368421,645926.5490784756,29.200877584,64922.41688939571,0.3717943263189385,0.8073819236556512,0.0144879508160402,38.1,False,원천관측값,,False,원천관측값
1121574000,광진구,중곡제1동,동북권,3,광역분산 통근형,고주거비·저통근부담,저부담·광역분산,0.36354621166569046,0.6313224301294054,0.2677762184637149,False,0.34210526315789475,661141.8300653594,30.5405958864,65264.71801886969,0.3633222906110137,0.8241545992552799,0.0120034094376094,30.45,False,원천관측값,,False,원천관측값
1121575000,광진구,중곡제2동,동북권,3,광역분산 통근형,고주거비·저통근부담,저부담·광역분산,0.38376914138642765,0.774463144071004,0.3906940026845764,False,0.39473684210526316,694475.7575757576,29.557118038,63298.14845855766,0.3923520553401285,0.8214024319480032,0.0123281400260503,24.33,False,원천관측값,,False,원천관측값
1121576000,광진구,중곡제3동,동북권,3,광역분산 통근형,저주거비·고통근부담,저부담·광역분산,0.3112958203984356,0.5024268618878873,0.1911310414894517,False,0.21052631578947367,619460.0847457626,30.47674692,65787.95179961706,0.4153440655595802,0.8174794266783016,0.0130100048776523,20.2,False,원천관측값,,False,원천관측값
1121577000,광진구,중곡제4동,동북권,4,주거절감·장거리통근형,고주거비·고통근부담,고부담·광역분산,0.4109790070133284,0.4641240185577199,0.053145011544391496,True,0.39705882352941174,656736.0163710777,32.1897537182,67858.86368721357,0.4084493280566234,0.8186441983674208,0.0133656816142048,14.04,False,원천관측값,,False,원천관측값
1121578000,광진구,능동,동북권,3,광역분산 통근형,고주거비·고통근부담,고부담·광역분산,0.4237765568182726,0.6502420873262508,0.22646553050797819,False,0.5131578947368421,673311.2544802867,30.386081255,68301.94965246644,0.3473876626978504,0.8191125632561763,0.0128117175827515,38.14,False,원천관측값,,False,원천관측값
1121581000,광진구,광장동,동북권,3,광역분산 통근형,고주거비·고통근부담,고부담·광역분산,0.517777428564451,0.7191082798209414,0.20133085125649042,False,0.6973684210526315,665220.4995693368,32.7694843284,67202.2111740106,0.3079548403867588,0.7895203773552583,0.0185653821283194,6.29,False,원천관측값,,False,원천관측값
1121582000,광진구,자양제1동,동북권,3,광역분산 통근형,고주거비·저통근부담,고부담·광역분산,0.32365861170859556,0.7920167462277098,0.46835813451911423,False,0.2631578947368421,678098.1610653138,30.7377942588,65495.21842615871,0.3751827174152821,0.7736658278952373,0.0180920377154072,28.94,False,원천관측값,,False,원천관측값
1121583000,광진구,자양제2동,동북권,4,주거절감·장거리통근형,고주거비·고통근부담,고부담·광역분산,0.8125310214989886,0.8715647954940148,0.059033773995026184,True,0.9705882352941176,759084.9697885195,37.3329762034,65065.9916940585,0.3638511855214483,0.7852789538709186,0.0180942321591029,17.87,False,원천관측값,,False,원천관측값
1121584000,광진구,자양제3동,동북권,3,광역분산 통근형,고주거비·저통근부담,고부담·광역분산,0.19940951276814753,0.7936144439848984,0.5942049312167509,False,0.039473684210526314,680251.1185682327,29.4161365478,65600.52319495378,0.3562286796895187,0.7916970865439591,0.0159541548136559,11.31,False,원천관측값,,False,원천관측값
1121584700,광진구,자양제4동,동북권,3,광역분산 통근형,고주거비·저통근부담,저부담·광역분산,0.38796958804233955,0.9118567287612055,0.5238871407188659,False,0.42105263157894735,643615.872775081,25.250312135,66639.17167003655,0.370231491645577,0.769386797641588,0.0198697776513354,25.48,False,원천관측값,,False,원천관측값
1121585000,광진구,구의제1동,동북권,3,광역분산 통근형,고주거비·고통근부담,고부담·광역분산,0.41031529828074426,0.9291016830391937,0.5187863847584495,False,0.47368421052631576,718187.4080802838,29.5816026692,67044.07149275062,0.3620544071248818,0.7676725508163929,0.0189028514896149,34.69,False,원천관측값,,False,원천관측값
1121586000,광진구,구의제2동,동북권,3,광역분산 통근형,고주거비·저통근부담,고부담·광역분산,0.30727333613534236,0.6845147171850324,0.37724138104969007,False,0.19736842105263158,697107.8315623769,29.5775658265,65903.57446134744,0.396592736418969,0.8177770504417309,0.0135719965023617,13.36,False,원천관측값,,False,원천관측값
1121587000,광진구,구의제3동,동북권,3,광역분산 통근형,고주거비·고통근부담,고부담·광역분산,0.6033888627358475,0.8264424459644014,0.22305358322855395,False,0.8421052631578947,700316.8135095447,31.3932785588,70638.95156667422,0.3333883112569021,0.7818279905658263,0.0196003862885841,18.28,False,원천관측값,,False,원천관측값
1123051500,동대문구,신설동,동북권,3,광역분산 통근형,고주거비·고통근부담,고부담·광역분산,0.864832301238563,1.3898505179531382,0.5250182167145752,False,1.0,728079.2175606303,25.1675819245,70674.92584394007,0.2240852626100348,0.7816090362261447,0.0205867867598159,19.49,False,원천관측값,,True,행정동 개편/원천결측: 동일 자치구 중앙값 적용
1123053300,동대문구,용두동,동북권,3,광역분산 통근형,고주거비·저통근부담,고부담·광역분산,0.41066199019918714,0.9613794129279827,0.5507174227287955,False,0.4868421052631579,688257.670569237,28.296322544,66576.2248521816,0.2890545135045669,0.7978543519856892,0.0173782458375259,19.49,False,원천관측값,,True,행정동 개편/원천결측: 동일 자치구 중앙값 적용
1123054500,동대문구,제기동,동북권,3,광역분산 통근형,저주거비·저통근부담,저부담·광역분산,0.37039263573524095,0.9143438516338321,0.5439512158985912,False,0.3684210526315789,606784.2019543974,29.067322259,65196.01586457415,0.3037522217323607,0.7793696813049568,0.0240120626697347,27.14,False,원천관측값,,False,원천관측값
1123056000,동대문구,전농제1동,동북권,3,광역분산 통근형,고주거비·저통근부담,고부담·광역분산,0.2988638106012234,0.7506913368241109,0.4518275262228875,False,0.18421052631578946,710336.3069335654,30.1491260634,65034.65591180358,0.3685355213335679,0.8056678515104508,0.0166125281620912,19.37,False,원천관측값,,False,원천관측값
1123057000,동대문구,전농제2동,동북권,3,광역분산 통근형,저주거비·저통근부담,저부담·광역분산,0.22925385017505548,0.7901243381876443,0.5608704880125888,False,0.06578947368421052,614443.8596491228,26.8750711528,66433.27979637326,0.425212995761015,0.802796172951217,0.016084142991631,6.3,False,원천관측값,,False,원천관측값
1123060000,동대문구,답십리제1동,동북권,3,광역분산 통근형,고주거비·저통근부담,고부담·광역분산,0.3195595540881974,0.6951001699711533,0.3755406158829559,False,0.25,701703.2791642484,31.011453,65036.54680413657,0.3715050165631321,0.8032440121537707,0.0149692216808279,20.52,False,원천관측값,,False,원천관측값
1123061000,동대문구,답십리제2동,동북권,3,광역분산 통근형,고주거비·저통근부담,고부담·광역분산,0.2867875669448311,0.811317342243822,0.5245297752989909,False,0.17105263157894737,683298.2905982905,27.1612520977,66969.79556169877,0.421303625346247,0.810181128737948,0.0154565947641854,11.33,False,원천관측값,,False,원천관측값
1123065000,동대문구,장안제1동,동북권,3,광역분산 통근형,저주거비·고통근부담,고부담·광역분산,0.2524577177670679,0.5436997533736083,0.29124203560654044,False,0.10526315789473684,635970.6951385735,30.5042341284,66552.91232761498,0.4243859372291265,0.7996414680628264,0.0197440893180938,19.49,False,원천관측값,,False,원천관측값
1123066000,동대문구,장안제2동,동북권,3,광역분산 통근형,저주거비·저통근부담,저부담·광역분산,0.31665417654143246,0.75068477716198,0.43403060062054755,False,0.2236842105263158,614979.6945909002,27.532915775,66672.87709911412,0.4631815270653224,0.7976201590153537,0.0206695918931762,12.96,False,원천관측값,,False,원천관측값
1123070500,동대문구,청량리동,동북권,3,광역분산 통근형,고주거비·저통근부담,고부담·광역분산,0.4414800859754179,0.9999955209345769,0.558515434959159,False,0.5526315789473685,762226.7516743947,28.4589609536,66088.76895440854,0.3248545326213558,0.7959274893688367,0.0189055526314583,13.3,False,원천관측값,,False,원천관측값
1123071000,동대문구,회기동,동북권,3,광역분산 통근형,저주거비·저통근부담,저부담·광역분산,0.2844392046622554,0.8302714946277889,0.5458322899655335,False,0.15789473684210525,588287.2659176029,28.7476496777,65038.79950625653,0.3981764250816925,0.771504509398699,0.030932284380276,51.21,False,원천관측값,,False,원천관측값
1123072000,동대문구,휘경제1동,동북권,4,주거절감·장거리통근형,고주거비·고통근부담,고부담·광역분산,0.6172512917237549,0.7169298207671226,0.09967852904336771,True,0.8970588235294118,719701.0869565217,35.2878980955,66589.55795800444,0.3397685718047362,0.8178516128500277,0.0133236534368461,40.0,False,원천관측값,,False,원천관측값
1123073000,동대문구,휘경제2동,동북권,3,광역분산 통근형,저주거비·고통근부담,저부담·광역분산,0.36769380692695164,0.44629783453019767,0.07860402760324603,True,0.35526315789473684,569769.3747247909,30.6194591768,67002.33581786322,0.4267992721481053,0.8087038850851083,0.0155805549583658,35.27,False,원천관측값,,False,원천관측값
1123074000,동대문구,이문제1동,동북권,3,광역분산 통근형,저주거비·고통근부담,고부담·광역분산,0.47334674499799795,0.5901791536482504,0.1168324086502524,False,0.618421052631579,588923.6476127902,31.7864398905,67931.1824236604,0.3213845591412282,0.804324390042487,0.0180316218447117,41.38,False,원천관측값,,False,원천관측값
1123075000,동대문구,이문제2동,동북권,4,주거절감·장거리통근형,저주거비·고통근부담,고부담·광역분산,0.5576167020444305,0.8470013556601859,0.2893846536157554,False,0.8088235294117647,557695.3172126885,35.2670130354,67250.14262756951,0.3002607083783329,0.8368582638235795,0.0125983240666337,13.04,False,원천관측값,,False,원천관측값
1126052000,중랑구,면목제2동,동북권,3,광역분산 통근형,고주거비·고통근부담,고부담·광역분산,0.5114217049714036,0.6544152400119844,0.14299353504058077,False,0.6842105263157895,731445.8367570528,31.3155721554,65376.16132917828,0.4630984197257748,0.8145408675743793,0.0140787087712397,12.67,False,원천관측값,,False,원천관측값
1126054000,중랑구,면목제4동,동북권,3,광역분산 통근형,저주거비·저통근부담,저부담·광역분산,0.49928960033589415,0.6903661966973699,0.19107659636147573,False,0.6710526315789473,537217.3659673659,27.4563517124,67299.66196842297,0.440193735726639,0.8258898853674115,0.0119280572708059,11.89,False,원천관측값,,False,원천관측값
1126055000,중랑구,면목제5동,동북권,3,광역분산 통근형,저주거비·저통근부담,저부담·광역분산,0.41538295679298154,0.740081872426826,0.32469891563384445,False,0.5,590958.3333333331,27.2521888949,65367.48724467831,0.4544840557488045,0.8239599847721834,0.0128258693630908,8.34,False,원천관측값,,False,원천관측값
1126056500,중랑구,면목본동,동북권,3,광역분산 통근형,저주거비·고통근부담,저부담·광역분산,0.3881115329613663,0.5558302272220899,0.16771869426072356,False,0.4342105263157895,587846.7654621735,29.081063265,66874.23581582661,0.430005197399584,0.8248920697317935,0.0125613088645615,19.07,False,원천관측값,,False,원천관측값
1126057000,중랑구,면목제7동,동북권,4,주거절감·장거리통근형,저주거비·고통근부담,고부담·광역분산,0.29691470971685713,0.5841996640175877,0.2872849543007306,False,0.058823529411764705,570400.0651041666,32.3467257015,67495.71805781098,0.4150571802541848,0.8332197557099219,0.0115238202037701,14.93,False,원천관측값,,False,원천관측값
1126057500,중랑구,면목제3.8동,동북권,3,광역분산 통근형,저주거비·고통근부담,저부담·광역분산,0.5192333311489271,0.6022049740330325,0.08297164288410541,True,0.7105263157894737,517404.37915742793,28.6472040234,67098.47198596523,0.4528347648416725,0.8206057334547681,0.0130038165931178,15.58,False,원천관측값,,False,원천관측값
1126058000,중랑구,상봉제1동,동북권,4,주거절감·장거리통근형,저주거비·고통근부담,고부담·광역분산,0.36955816216727655,0.48682727075445875,0.1172691085871822,False,0.23529411764705882,595222.3909465021,31.4715392464,66759.47444446465,0.4267984863420194,0.829482781024438,0.0128412557717132,10.62,False,원천관측값,,False,원천관측값
1126059000,중랑구,상봉제2동,동북권,4,주거절감·장거리통근형,고주거비·고통근부담,고부담·광역분산,0.4127371672523713,0.5037777118617592,0.09104054460938793,True,0.4264705882352941,653450.4855465221,33.4615702935,66399.35287117872,0.3819035682561009,0.8173989613175422,0.0130967417779681,37.07,False,원천관측값,,False,원천관측값
1126060000,중랑구,중화제1동,동북권,4,주거절감·장거리통근형,저주거비·고통근부담,고부담·광역분산,0.4363696528122264,0.5672427239840918,0.13087307117186542,False,0.4852941176470588,602916.2870159453,31.4034873594,67967.91351453,0.3929259453027412,0.8399580078722426,0.0108974412038465,13.26,False,원천관측값,,False,원천관측값
1126061000,중랑구,중화제2동,동북권,4,주거절감·장거리통근형,저주거비·고통근부담,저부담·광역분산,0.46979167654505505,0.48198076379949345,0.012189087254438402,True,0.5441176470588235,568844.9848024315,30.1281329685,66759.39496476283,0.4317211211862795,0.8314341983046553,0.0120101207754934,16.49,False,원천관측값,,False,원천관측값
1126062000,중랑구,묵제1동,동북권,4,주거절감·장거리통근형,저주거비·고통근부담,고부담·광역분산,0.3617847949912461,0.6816359075143115,0.31985111252306536,False,0.20588235294117646,597768.4356351236,34.2892789628,67821.63320301143,0.3567213538851571,0.8318147582050156,0.0126494491387098,16.0,False,원천관측값,,False,원천관측값
1126063000,중랑구,묵제2동,동북권,4,주거절감·장거리통근형,저주거비·고통근부담,고부담·광역분산,0.37274243925085876,0.6376012003911055,0.2648587611402467,False,0.2647058823529412,576713.4393514188,32.8871953542,67700.47935770976,0.3717748147404693,0.8380558508942315,0.0121415400806121,16.11,False,원천관측값,,False,원천관측값
1126065500,중랑구,망우본동,동북권,4,주거절감·장거리통근형,저주거비·고통근부담,고부담·광역분산,0.1496380724048068,0.739453564489104,0.5898154920842973,False,0.014705882352941176,568835.1708930541,35.4496795988,67302.92103125292,0.460683620316854,0.8111970228853216,0.017850717829431,15.28,False,원천관측값,,False,원천관측값
1126066000,중랑구,망우제3동,동북권,4,주거절감·장거리통근형,저주거비·고통근부담,저부담·광역분산,0.3902605553601318,0.6898679025260217,0.2996073471658899,False,0.3235294117647059,523601.560401523,33.4343087624,65949.35727603556,0.4975771817304528,0.8033185192325147,0.0170718968187861,11.06,False,원천관측값,,False,원천관측값
1126068000,중랑구,신내1동,동북권,4,주거절감·장거리통근형,고주거비·고통근부담,고부담·광역분산,0.4061530306454327,0.7091396033362454,0.3029865726908127,False,0.38235294117647056,676654.6653144016,35.773296737,66482.18148468081,0.4517595525151963,0.8043477555726751,0.019491687674766,7.06,False,원천관측값,,False,원천관측값
1126069000,중랑구,신내2동,동북권,4,주거절감·장거리통근형,저주거비·고통근부담,고부담·광역분산,0.3384441410648509,0.7226313617548368,0.3841872206899859,False,0.1323529411764706,636803.7280701754,35.336039775,67814.8023335309,0.37539944290583,0.8290446670060828,0.0138829056762524,7.45,False,원천관측값,,False,원천관측값
1129052500,성북구,성북동,동북권,3,광역분산 통근형,고주거비·저통근부담,고부담·광역분산,0.3546713501067715,0.9210944456214258,0.5664230955146543,False,0.3157894736842105,713521.872920825,29.0383688035,65139.09067749922,0.3174409695593449,0.7967240532652132,0.0180084898582356,24.14,False,원천관측값,,False,원천관측값
1129055500,성북구,삼선동,동북권,3,광역분산 통근형,고주거비·저통근부담,저부담·광역분산,0.3565094004715285,1.0867999141541067,0.7302905136825781,False,0.32894736842105265,661862.5221500297,25.1456156454,64770.09273082679,0.3349005219332807,0.7962907994634597,0.0191416607631192,26.55,False,원천관측값,,False,원천관측값
1129057500,성북구,동선동,동북권,3,광역분산 통근형,고주거비·저통근부담,저부담·광역분산,0.2813187427667502,0.7176754531623665,0.4363567103956163,False,0.13157894736842105,643948.5320127343,30.3538705403,64224.79510173971,0.345812740349627,0.8050019631728105,0.0161336766885886,48.11,False,원천관측값,,False,원천관측값
1129058000,성북구,돈암제1동,동북권,3,광역분산 통근형,저주거비·저통근부담,저부담·광역분산,0.6692234744359294,0.7912504525515508,0.12202697811562135,False,0.9473684210526315,432212.64367816097,28.8099942745,64575.20655444746,0.3754542058750976,0.820783596071573,0.0138645477061972,7.48,False,원천관측값,,False,원천관측값
1129059000,성북구,돈암제2동,동북권,3,광역분산 통근형,고주거비·저통근부담,고부담·광역분산,0.7229679072686914,1.175064289769006,0.4520963825003146,False,0.9605263157894737,861406.25,28.9549756483,63086.80940183981,0.3599887972729474,0.8091676732078031,0.0158706495480476,4.46,False,원천관측값,,False,원천관측값
1129060000,성북구,안암동,동북권,3,광역분산 통근형,고주거비·저통근부담,저부담·광역분산,0.3286355216431919,0.8687956940443746,0.5401601724011827,False,0.27631578947368424,645691.5669515671,24.7960007336,65099.7463782638,0.3932165581796066,0.7850228681662988,0.0239266931767392,53.6,False,원천관측값,,False,원천관측값
1129061000,성북구,보문동,동북권,3,광역분산 통근형,저주거비·저통근부담,저부담·광역분산,0.4065117558809092,1.039617521448761,0.6331057655678518,False,0.4473684210526316,626602.2949902043,26.0258872578,64913.71891688413,0.2995645820823979,0.8054728934587764,0.0154371624220563,22.19,False,원천관측값,,False,원천관측값
1129062000,성북구,정릉제1동,동북권,3,광역분산 통근형,저주거비·저통근부담,저부담·광역분산,0.45335975094080105,0.5730411177757896,0.11968136683498853,False,0.5921052631578947,540365.6126482213,30.4062110501,64436.392765679615,0.3846981352946688,0.8237852966171093,0.013665623911917,10.83,False,원천관측값,,False,원천관측값
1129063000,성북구,정릉제2동,동북권,3,광역분산 통근형,고주거비·저통근부담,저부담·광역분산,0.2693538637431243,0.7115002194728072,0.44214635572968286,False,0.11842105263157894,643491.2211740041,28.738819538,64722.51061921719,0.3862126377863729,0.8210827491293741,0.013542010357587,11.69,False,원천관측값,,False,원천관측값
1129064000,성북구,정릉제3동,동북권,3,광역분산 통근형,저주거비·저통근부담,저부담·광역분산,0.22547179383627078,0.6228223055701746,0.3973505117339038,False,0.05263157894736842,573215.62958884,29.412432015,65548.42581490158,0.3919991546186434,0.802559937572872,0.0160019510356137,34.0,False,원천관측값,,False,원천관측값
1129065000,성북구,정릉제4동,동북권,4,주거절감·장거리통근형,저주거비·고통근부담,저부담·광역분산,0.3850061552809739,0.43646862073026016,0.05146246544928623,True,0.3088235294117647,563852.4590163934,32.0338497726,65533.95890674497,0.4146407665323545,0.8125428811993586,0.0159873746276006,10.49,False,원천관측값,,False,원천관측값
1129066000,성북구,길음제1동,동북권,4,주거절감·장거리통근형,저주거비·고통근부담,저부담·광역분산,0.366120309163966,0.5730322862966377,0.20691197713267173,False,0.22058823529411764,553318.1818181818,33.5703087494,65785.16835652967,0.3714687864892944,0.8190171174619091,0.0138378602318003,3.86,False,원천관측값,,False,원천관측값
1129068500,성북구,길음제2동,동북권,3,광역분산 통근형,저주거비·저통근부담,저부담·광역분산,0.48801089060555014,0.5891906805867831,0.101179789981233,True,0.6447368421052632,541853.9886039885,30.7265533679,63904.99359475382,0.3782278468528771,0.8258053250706907,0.0138485688763788,8.32,False,원천관측값,,False,원천관측값
1129070500,성북구,종암동,동북권,3,광역분산 통근형,저주거비·저통근부담,저부담·광역분산,0.2349125811632708,0.5916893236801787,0.3567767425169079,False,0.09210526315789473,591029.7117875648,30.1752175868,64901.18204841634,0.3938779917498441,0.8034377496306627,0.0214396252955498,16.66,False,원천관측값,,False,원천관측값
1129071500,성북구,월곡제1동,동북권,4,주거절감·장거리통근형,저주거비·저통근부담,저부담·광역분산,0.41257107258426223,0.5064200211131772,0.09384894852891495,True,0.4117647058823529,596569.5296523516,32.5092032812,64452.29782097177,0.4162518379441917,0.8254508911266388,0.0136836327294175,8.28,False,원천관측값,,False,원천관측값
1129072500,성북구,월곡제2동,동북권,3,광역분산 통근형,저주거비·고통근부담,저부담·광역분산,0.3421606736346009,0.48644675713235186,0.14428608349775096,False,0.3026315789473684,572160.9327217126,30.3341417434,66832.71172215423,0.3966087859542213,0.8143447463048302,0.0157961845755776,26.61,False,원천관측값,,False,원천관측값
1129076000,성북구,장위제1동,동북권,4,주거절감·장거리통근형,저주거비·저통근부담,저부담·광역분산,0.5250314152148409,0.6498899315988552,0.12485851638401435,False,0.6911764705882353,531846.3073852295,31.58943149,63477.25803755723,0.4620128353680322,0.8319393860392307,0.0130279825067969,10.86,False,원천관측값,,False,원천관측값
1129077000,성북구,장위제2동,동북권,4,주거절감·장거리통근형,저주거비·고통근부담,고부담·광역분산,0.3005630355222718,0.6039983792012567,0.30343534367898484,False,0.07352941176470588,610277.8864970645,33.1427205244,67230.44729942913,0.4060673451417394,0.8354723187341757,0.0137863613924178,13.95,False,원천관측값,,False,원천관측값
1129078000,성북구,장위제3동,동북권,4,주거절감·장거리통근형,저주거비·고통근부담,고부담·광역분산,0.32446958213950977,0.8572440709416467,0.5327744888021368,False,0.08823529411764706,615811.8781094527,35.6893510126,68174.8860411659,0.4012508392254852,0.8476220611950028,0.0111541358156881,12.12,False,원천관측값,,False,원천관측값
1129081000,성북구,석관동,동북권,4,주거절감·장거리통근형,저주거비·고통근부담,고부담·광역분산,0.3706520135040938,0.8927806294716439,0.5221286159675501,False,0.25,531034.1304746197,36.0387112278,70029.73736160218,0.3655112893719662,0.8251741133375877,0.0164726022817033,15.81,False,원천관측값,,False,원천관측값
1130553400,강북구,삼양동,동북권,4,주거절감·장거리통근형,저주거비·고통근부담,저부담·광역분산,0.3801978541320193,0.622398129452959,0.24220027532093974,False,0.29411764705882354,531986.3184079602,32.657535496,65072.91803474823,0.4747994023112498,0.8152045736409231,0.0140868817663818,9.05,False,원천관측값,,False,원천관측값
1130553500,강북구,미아동,동북권,3,광역분산 통근형,저주거비·저통근부담,저부담·광역분산,0.38675470615015295,0.5624383624026604,0.17568365625250748,False,0.40789473684210525,574577.6409107876,29.005378419,66550.08267105071,0.4371593815467706,0.8217936038679252,0.0137075499247279,22.95,False,원천관측값,,False,원천관측값
1130554500,강북구,송중동,동북권,4,주거절감·장거리통근형,저주거비·저통근부담,저부담·광역분산,0.455694894255544,0.7069983858909088,0.2513034916353648,False,0.5147058823529411,502635.62858633284,33.7423347786,63570.31252228043,0.4501214159912806,0.8134490626093676,0.0168507366352626,15.0,False,원천관측값,,False,원천관측값
1130555500,강북구,송천동,동북권,4,주거절감·장거리통근형,저주거비·고통근부담,저부담·광역분산,0.35768892741524505,0.7770776779745003,0.4193887505592553,False,0.19117647058823528,483470.97301717085,34.3363419614,65307.559079872764,0.4631545097207451,0.8159017101016615,0.0158557638124955,11.53,False,원천관측값,,False,원천관측값
1130557500,강북구,삼각산동,동북권,4,주거절감·장거리통근형,저주거비·고통근부담,저부담·광역분산,0.27443830307893907,0.7295944082537849,0.4551561051748458,False,0.04411764705882353,521696.4285714285,34.985754299,65301.28259883784,0.4235154588276523,0.8203771248571894,0.0145045417200661,2.97,False,원천관측값,,False,원천관측값
1130559500,강북구,번1동,동북권,4,주거절감·장거리통근형,저주거비·고통근부담,저부담·광역분산,0.44092312782787957,0.6263163288416457,0.1853932010137661,False,0.5,512882.8669536694,31.561908974,66022.69484032734,0.4878745762799596,0.8136186060313411,0.0142120783256951,25.18,False,원천관측값,,False,원천관측값
1130560300,강북구,번2동,동북권,4,주거절감·장거리통근형,저주거비·고통근부담,저부담·광역분산,0.4624027850363907,0.7557701929768627,0.29336740794047195,False,0.5294117647058824,487188.04537521815,31.987935236,65802.15824018208,0.4990706118064675,0.8264468907471417,0.0130613263771587,9.42,False,원천관측값,,False,원천관측값
1130560800,강북구,번3동,동북권,4,주거절감·장거리통근형,저주거비·고통근부담,저부담·광역분산,0.5244471549062163,0.9246175140273737,0.4001703591211574,False,0.6764705882352942,499444.76744186046,33.5991257147,64263.57541241166,0.4712067255059602,0.8564734926339905,0.0118548813391547,4.41,False,원천관측값,,False,원천관측값
1130561500,강북구,수유1동,동북권,3,광역분산 통근형,저주거비·저통근부담,저부담·광역분산,0.48138581442781303,0.6257194229704015,0.14433360854258848,False,0.631578947368421,625990.6914893617,29.277224386,66431.52888092499,0.504283746108379,0.8114592200730082,0.0148832494198852,17.06,False,원천관측값,,False,원천관측값
1130562500,강북구,수유2동,동북권,4,주거절감·장거리통근형,저주거비·고통근부담,고부담·광역분산,0.34184302951966733,0.7130163986814434,0.37117336916177607,False,0.14705882352941177,539371.5846994536,32.8450410448,66836.89664346934,0.5062238667256401,0.819776512781575,0.0145715988999381,10.89,False,원천관측값,,False,원천관측값
1130563500,강북구,수유3동,동북권,3,광역분산 통근형,저주거비·저통근부담,저부담·광역분산,0.4487539937822588,0.5104115250103834,0.06165753122812467,True,0.5789473684210527,572404.023357977,30.0434755378,65428.932070726936,0.4590193295113691,0.8219503977812805,0.0130118350685569,26.73,False,원천관측값,,False,원천관측값
1130564500,강북구,우이동,동북권,4,주거절감·장거리통근형,저주거비·고통근부담,고부담·광역분산,0.3747821945151548,0.650596597933542,0.27581440341838714,False,0.27941176470588236,564957.3919936583,33.4878656144,66184.21453673134,0.5229698004800986,0.8170821734511716,0.0147300226675133,10.57,False,원천관측값,,False,원천관측값
1130566000,강북구,인수동,동북권,4,주거절감·장거리통근형,저주거비·고통근부담,고부담·광역분산,0.3429560449349936,0.7250402940513716,0.382084249116378,False,0.16176470588235295,563679.2215944759,35.977293566200004,66437.62252036903,0.5206721956220373,0.8115188528891681,0.0162416742123584,10.18,False,원천관측값,,False,원천관측값
1132051100,도봉구,창제1동,동북권,4,주거절감·장거리통근형,저주거비·고통근부담,고부담·광역분산,0.47693779763674876,1.174807745578351,0.6978699479416022,False,0.5735294117647058,540868.1672025723,39.979929331,68372.61089607058,0.4016076187347921,0.8417355081245076,0.0114456004008223,12.08,False,원천관측값,,False,원천관측값
1132051200,도봉구,창제2동,동북권,4,주거절감·장거리통근형,고주거비·고통근부담,고부담·광역분산,0.42037999399605097,0.8085165014426292,0.38813650744657824,False,0.47058823529411764,692504.2971147943,35.085482171,67266.46095004922,0.4848733940986207,0.8314290902596275,0.0120556688704713,11.06,False,원천관측값,,False,원천관측값
1132051300,도봉구,창제3동,동북권,4,주거절감·장거리통근형,저주거비·고통근부담,저부담·광역분산,0.5744198307676419,0.8214034642282053,0.2469836334605634,False,0.8676470588235294,462946.8085106383,35.3115849635,65736.00414968951,0.5615795590451297,0.8323506371013761,0.0135460405972869,8.16,False,원천관측값,,False,원천관측값
1132051400,도봉구,창제4동,동북권,4,주거절감·장거리통근형,고주거비·고통근부담,고부담·광역분산,0.5335000960902497,0.8163382570836113,0.28283816099336156,False,0.7205882352941176,738941.4547837485,34.8023912117,69026.15286317572,0.4597533089568945,0.8263027355220949,0.0143585666764117,12.52,False,원천관측값,,False,원천관측값
1132051500,도봉구,창제5동,동북권,4,주거절감·장거리통근형,고주거비·고통근부담,고부담·광역분산,0.6124456637827609,0.9764879784489425,0.36404231466618164,False,0.8823529411764706,699043.7817258883,38.047409603,63457.02387352667,0.4676595267676308,0.8245217982107372,0.0130493767572899,11.44,False,원천관측값,,False,원천관측값
1132052100,도봉구,도봉제1동,동북권,4,주거절감·장거리통근형,저주거비·고통근부담,고부담·광역분산,0.5422816075114285,0.7663025014626816,0.22402089395125313,False,0.75,467069.5402298849,35.6493081147,69547.23295356732,0.5487531744598741,0.8060115053793484,0.0181290763630242,7.3,False,원천관측값,,False,원천관측값
1132052200,도봉구,도봉제2동,동북권,4,주거절감·장거리통근형,고주거비·고통근부담,고부담·광역분산,0.41800627051918127,0.9945612779267688,0.5765550074075876,False,0.45588235294117646,660678.5561268209,38.0358272417,69292.0782528905,0.4791964141186688,0.8175295619568043,0.0155438066567695,7.73,False,원천관측값,,False,원천관측값
1132066000,도봉구,쌍문제1동,동북권,4,주거절감·장거리통근형,저주거비·저통근부담,저부담·광역분산,0.5280310717240934,0.7748615743522927,0.2468305026281994,False,0.7058823529411765,530118.668083599,32.666372835,63448.02161148717,0.5089499490090394,0.8294008479709779,0.0118399971057716,11.31,False,원천관측값,,False,원천관측값
1132067000,도봉구,쌍문제2동,동북권,4,주거절감·장거리통근형,저주거비·고통근부담,저부담·광역분산,0.5426162036301482,0.9748414148767806,0.4322252112466324,False,0.7647058823529411,496846.5263861055,36.895785396,63074.93515913836,0.5057882636190534,0.8280222597214254,0.0130094087031229,8.71,False,원천관측값,,False,원천관측값
1132068000,도봉구,쌍문제3동,동북권,4,주거절감·장거리통근형,저주거비·고통근부담,고부담·광역분산,0.48796045541603494,1.1764007796752125,0.6884403242591776,False,0.6029411764705882,508011.30856219714,39.6986542298,65840.16758915938,0.4445857143532926,0.8422320268832155,0.0106261025813243,17.96,False,원천관측값,,False,원천관측값
1132068100,도봉구,쌍문제4동,동북권,4,주거절감·장거리통근형,저주거비·고통근부담,고부담·광역분산,0.5197226131529238,1.139264190339224,0.6195415771863002,False,0.6470588235294118,428379.0849673202,38.7153145443,66971.64768759697,0.4732272017352952,0.8218413768427596,0.0133386622620523,5.66,False,원천관측값,,False,원천관측값
1132069000,도봉구,방학제1동,동북권,4,주거절감·장거리통근형,저주거비·고통근부담,고부담·광역분산,0.39385793072835623,0.6019360628969102,0.20807813216855392,False,0.3382352941176471,557267.6540030049,34.1997458668,66879.1296336696,0.5337222434665458,0.8084221636282701,0.0164563695651055,10.54,False,원천관측값,,False,원천관측값
1132070000,도봉구,방학제2동,동북권,4,주거절감·장거리통근형,저주거비·고통근부담,고부담·광역분산,0.5717527246912235,0.6679894445676756,0.0962367198764521,True,0.8382352941176471,468895.263671875,34.0307190972,68423.60871400914,0.5689699065461052,0.8141404400956295,0.0154808587797791,6.64,False,원천관측값,,False,원천관측값
1132071000,도봉구,방학제3동,동북권,4,주거절감·장거리통근형,고주거비·고통근부담,고부담·광역분산,0.4173525599260837,0.7783178112437623,0.3609652513176786,False,0.4411764705882353,658095.2380952381,34.6596260498,67381.84231681061,0.5235802849672416,0.8284979244724723,0.0125842537761629,2.92,False,원천관측값,,False,원천관측값
1135056000,노원구,월계1동,동북권,4,주거절감·장거리통근형,저주거비·고통근부담,고부담·광역분산,0.7202125524643007,1.2917775556452504,0.5715650031809497,False,0.9264705882352942,494618.6601059803,37.3997713315,75223.01994330494,0.4134611275624359,0.8320379513383899,0.0141603350325788,22.42,False,원천관측값,,False,원천관측값
1135057000,노원구,월계2동,동북권,4,주거절감·장거리통근형,저주거비·고통근부담,고부담·광역분산,0.5483216414273447,1.2229802159773266,0.6746585745499819,False,0.7794117647058824,533596.4912280702,37.7864908216,72797.45299071314,0.4469608673667284,0.8477928319635902,0.0112111072560167,5.83,False,원천관측값,,False,원천관측값
1135058000,노원구,월계3동,동북권,4,주거절감·장거리통근형,저주거비·고통근부담,고부담·광역분산,0.7932241667300132,1.319413283368054,0.5261891166380409,False,0.9558823529411765,480833.3333333334,37.535531807,74707.98150243252,0.3467386987236686,0.8416827460952578,0.011802401081164,8.05,False,원천관측값,,False,원천관측값
1135059500,노원구,공릉1동,동북권,4,주거절감·장거리통근형,저주거비·고통근부담,고부담·광역분산,0.5240483260556442,0.9123154994765841,0.38826717342093986,False,0.6617647058823529,484972.6124280558,34.5058825228,70195.76201840422,0.3361349939585561,0.8324833211488988,0.0145712766409007,25.83,False,원천관측값,,False,원천관측값
1135060000,노원구,공릉2동,동북권,4,주거절감·장거리통근형,저주거비·고통근부담,고부담·광역분산,0.5583843794411241,0.8580866149967101,0.29970223555558606,False,0.8235294117647058,482849.1589198761,33.932723278,71656.86127443565,0.38898617154062,0.7946122733243816,0.0289061533138947,19.77,False,원천관측값,,False,원천관측값
1135061100,노원구,하계1동,동북권,4,주거절감·장거리통근형,저주거비·고통근부담,고부담·광역분산,0.4739208837603535,1.071596223454105,0.5976753396937515,False,0.5588235294117647,515245.8100558659,37.0134953895,72260.99166559393,0.3982476772318816,0.8268471039462366,0.0140698680065429,17.1,False,원천관측값,,False,원천관측값
1135061200,노원구,하계2동,동북권,4,주거절감·장거리통근형,저주거비·고통근부담,고부담·광역분산,0.6923060649309399,1.2995608951192592,0.6072548301883193,False,0.9117647058823529,578701.6666666666,41.5991589948,67006.2171773765,0.3587877758963108,0.8510069697590031,0.0111267693214272,4.77,True,같은 자치구 유사동 5개 표면주거비 중앙값,노원구 상계10동 | 노원구 중계2.3동 | 노원구 중계4동 | 노원구 중계1동 | 노원구 상계2동,False,원천관측값
1135061900,노원구,중계본동,동북권,4,주거절감·장거리통근형,저주거비·고통근부담,고부담·광역분산,0.5741613576209752,1.2277489788654103,0.6535876212444351,False,0.8529411764705882,514036.85092127306,37.853379098,73520.25434062653,0.4619389845280497,0.830050622565485,0.0142353857539743,4.34,False,원천관측값,,False,원천관측값
1135062100,노원구,중계1동,동북권,4,주거절감·장거리통근형,저주거비·고통근부담,고부담·광역분산,0.3379113087247948,1.002011184724948,0.6640998760001532,False,0.10294117647058823,600198.1981981983,37.157482926,70842.51915023092,0.4468086784292225,0.8329267569886548,0.0124365919708475,2.7,False,원천관측값,,False,원천관측값
1135062400,노원구,중계4동,동북권,4,주거절감·장거리통근형,저주거비·고통근부담,고부담·광역분산,0.5112612608613164,1.230164497450286,0.7189032365889697,False,0.6323529411764706,542839.2018779344,40.3767193364,70641.78381179494,0.4593053920791258,0.8235746096400234,0.0143357868498174,5.0,False,원천관측값,,False,원천관측값
1135062500,노원구,중계2.3동,동북권,4,주거절감·장거리통근형,고주거비·고통근부담,고부담·광역분산,1.042452918876267,1.3148915803227776,0.27243866144651063,False,0.9852941176470589,876928.6858974359,38.4896936022,70987.74633252989,0.3900757699027175,0.8424342739594041,0.0120870522559569,6.05,False,원천관측값,,False,원천관측값
1135063000,노원구,상계1동,동북권,4,주거절감·장거리통근형,저주거비·고통근부담,고부담·광역분산,0.3383215602916154,0.9888130335802372,0.6504914732886218,False,0.11764705882352941,518873.9612188366,36.188587252,71101.98787858486,0.4661874713812618,0.8205407289597874,0.0161470249799893,6.77,False,원천관측값,,False,원천관측값
1135064000,노원구,상계2동,동북권,4,주거절감·장거리통근형,저주거비·고통근부담,고부담·광역분산,0.2426406563358011,0.7743223168437325,0.5316816605079314,False,0.029411764705882353,528835.5091383812,34.7327438464,66483.67772946262,0.4857131059394461,0.8165464734090877,0.0175397950699019,12.15,False,원천관측값,,False,원천관측값
1135066500,노원구,상계3.4동,동북권,4,주거절감·장거리통근형,저주거비·고통근부담,고부담·광역분산,1.2347762818228871,1.6172294712686097,0.3824531894457226,False,1.0,406181.4236111111,39.3660805036,79788.60751748148,0.5078216808760699,0.8135654266757456,0.0175514446851833,5.23,False,원천관측값,,False,원천관측값
1135067000,노원구,상계5동,동북권,4,주거절감·장거리통근형,저주거비·고통근부담,고부담·광역분산,0.4045950398884774,0.8373532392167778,0.43275819932830045,False,0.36764705882352944,476274.38771274383,34.7716464404,69564.90273451245,0.5088808836057389,0.8138358558108146,0.0159340800031334,8.42,False,원천관측값,,False,원천관측값
1135069500,노원구,상계6.7동,동북권,4,주거절감·장거리통근형,고주거비·고통근부담,고부담·광역분산,0.5560862052766935,0.9277041515286162,0.3716179462519227,False,0.7941176470588235,715397.2222222221,35.8537646362,71518.06437742227,0.4309306825736602,0.8236591220905761,0.0164847777470657,12.15,False,원천관측값,,False,원천관측값
1135070000,노원구,상계8동,동북권,4,주거절감·장거리통근형,저주거비·고통근부담,고부담·광역분산,0.7703591861403988,1.485533238390956,0.7151740522505573,False,0.9411764705882353,578701.6666666666,43.486048798,69415.45721992385,0.436238771293241,0.8502980166976972,0.0111106185268946,9.33,True,같은 자치구 유사동 5개 표면주거비 중앙값,노원구 중계4동 | 노원구 상계10동 | 노원구 중계2.3동 | 노원구 중계1동 | 노원구 월계2동,False,원천관측값
1135071000,노원구,상계9동,동북권,4,주거절감·장거리통근형,저주거비·고통근부담,고부담·광역분산,0.403933346202018,1.0788006805692452,0.6748673343672271,False,0.35294117647058826,600198.1981981983,38.0405691028,71029.7745365128,0.4387395928377066,0.8372045924859568,0.0118691319482168,7.7,True,같은 자치구 유사동 5개 표면주거비 중앙값,노원구 중계1동 | 노원구 중계2.3동 | 노원구 상계1동 | 노원구 상계6.7동 | 노원구 하계1동,False,원천관측값
1135072000,노원구,상계10동,동북권,4,주거절감·장거리통근형,저주거비·고통근부담,고부담·광역분산,0.3438874504199229,1.0442346965015181,0.7003472460815952,False,0.17647058823529413,578701.6666666666,39.0570423204,67873.8662755549,0.4256852854376303,0.8318921072002429,0.0129126648442699,9.73,False,원천관측값,,False,원천관측값
1138051000,은평구,녹번동,서북권,5,저주거비·지역연계형,저주거비·고통근부담,고부담·지역집중,0.22749952819637026,0.8552267433256444,0.6277272151292741,False,0.05982905982905983,618652.5353283458,33.3019437566,65205.24177823336,0.6624410397200928,0.7788416576397915,0.0190813967373977,14.53,False,원천관측값,,False,원천관측값
1138052000,은평구,불광제1동,서북권,1,고비용 통근부담형,저주거비·고통근부담,고부담·지역집중,0.553261626476362,0.8004983460907078,0.2472367196143458,False,0.4,613246.3463930348,30.2856383114,75408.77034361534,0.6516189362248377,0.7816475203997422,0.0180380122822099,13.98,False,원천관측값,,False,원천관측값
1138053000,은평구,불광제2동,서북권,5,저주거비·지역연계형,저주거비·고통근부담,고부담·지역집중,0.7918470329687104,1.032007143359548,0.2401601103908375,False,0.9487179487179487,541545.7966764419,39.245270666,70241.31343790045,0.664444072776274,0.777313431091908,0.01911393199332,16.08,False,원천관측값,,False,원천관측값
1138055100,은평구,갈현제1동,서북권,1,고비용 통근부담형,저주거비·고통근부담,고부담·지역집중,1.0942321611937835,1.4954606708428766,0.40122850964909307,False,0.8545454545454545,593965.9574468085,34.5341079398,83018.19849041667,0.6556524912210738,0.7848199442742623,0.0175444280505805,17.79,False,원천관측값,,False,원천관측값
1138055200,은평구,갈현제2동,서북권,1,고비용 통근부담형,고주거비·고통근부담,고부담·광역분산,1.4864226776438516,2.029058314272956,0.5426356366291045,False,0.9454545454545454,649079.0697674418,30.433264516,89205.77710459405,0.6590012565978648,0.7971430736198303,0.0150615850730786,13.72,False,원천관측값,,False,원천관측값
1138056000,은평구,구산동,서북권,5,저주거비·지역연계형,저주거비·고통근부담,고부담·지역집중,0.40752055239145113,1.0030050751439747,0.5954845227525236,False,0.3162393162393162,585141.8548939083,35.517087345200004,66101.49231715631,0.6879801061603427,0.7866903858034802,0.0171944769463903,11.43,False,원천관측값,,False,원천관측값
1138057000,은평구,대조동,서북권,1,고비용 통근부담형,저주거비·고통근부담,고부담·지역집중,1.2790414717640113,1.7646579108979366,0.48561643913392527,False,0.9272727272727272,609259.6195417207,32.6662633683,86324.10890512863,0.6431285346898871,0.7848882190358316,0.0167377393374919,27.91,False,원천관측값,,False,원천관측값
1138058000,은평구,응암제1동,서북권,5,저주거비·지역연계형,저주거비·고통근부담,저부담·지역집중,0.17518129864130755,0.8361130991405931,0.6609318004992855,False,0.017094017094017096,608023.8095238095,32.2553451898,65218.84634192007,0.657536953868685,0.7882562339386741,0.0164413326617458,17.81,False,원천관측값,,False,원천관측값
1138059000,은평구,응암제2동,서북권,5,저주거비·지역연계형,저주거비·고통근부담,고부담·광역분산,0.27883414432012055,0.8599071204930763,0.5810729761729557,False,0.1111111111111111,628101.4908256881,33.8165631002,66108.34306627538,0.6421328975787155,0.7907790867837948,0.0170386438624467,7.22,False,원천관측값,,False,원천관측값
1138060000,은평구,응암제3동,서북권,5,저주거비·지역연계형,저주거비·고통근부담,고부담·광역분산,0.43777842415100915,0.8204138813035603,0.38263545715255115,False,0.4358974358974359,565753.9392234102,29.0158029716,69912.16590528301,0.6697917383180747,0.8011180388524226,0.0147486705228131,17.17,False,원천관측값,,False,원천관측값
1138062500,은평구,역촌동,서북권,1,고비용 통근부담형,저주거비·고통근부담,고부담·지역집중,0.7157546792349205,0.9724909043864002,0.25673622515147965,False,0.7090909090909091,604303.8562907475,32.9014449492,77212.44797163835,0.6655183312902986,0.7899087525514362,0.0166607554302491,13.83,False,원천관측값,,False,원천관측값
1138063100,은평구,신사제1동,서북권,5,저주거비·지역연계형,저주거비·고통근부담,고부담·광역분산,0.21313804034951467,0.8521688146046823,0.6390307742551676,False,0.05128205128205128,612418.2363013698,31.1995075804,66663.52736823422,0.6497176371525595,0.7994751006372438,0.015262015780058,13.88,False,원천관측값,,False,원천관측값
1138063200,은평구,신사제2동,서북권,5,저주거비·지역연계형,저주거비·고통근부담,고부담·광역분산,0.6143991400244162,0.8650126316245306,0.25061349160011437,False,0.8376068376068376,595993.3981066267,34.887371591,71293.262357953,0.6604244459087024,0.8090916472884149,0.0134557465485528,12.67,False,원천관측값,,False,원천관측값
1138064000,은평구,증산동,서북권,5,저주거비·지역연계형,저주거비·고통근부담,고부담·광역분산,0.5804909512913026,0.7743755873878747,0.19388463609657214,False,0.7948717948717948,522155.737704918,31.8124884604,70988.290606414,0.6118968659010142,0.8115499494841613,0.0153976962594721,11.25,False,원천관측값,,False,원천관측값
1138065000,은평구,수색동,서북권,1,고비용 통근부담형,저주거비·고통근부담,고부담·지역집중,0.6552987661739851,0.7116643173121562,0.0563655511381711,True,0.6,549502.7624309391,31.680727808,73524.4510692915,0.6178776963330054,0.7751168420523273,0.0226867248050803,8.7,False,원천관측값,,False,원천관측값
1138069000,은평구,진관동,서북권,1,고비용 통근부담형,고주거비·고통근부담,고부담·지역집중,1.118974935532645,1.7279979153243978,0.6090229797917528,False,0.8727272727272727,656207.4683749594,32.4166186142,85191.73248923136,0.6565292758282518,0.7344910792211969,0.0367484255399805,15.03,False,원천관측값,,False,원천관측값
1141052000,서대문구,천연동,서북권,2,근접통근 균형형,저주거비·저통근부담,저부담·지역집중,0.4463048444748019,0.7299332801986539,0.283628435723852,False,0.35443037974683544,624330.9859154929,24.4662944748,62932.12871890373,0.6706776836051378,0.7501376098444724,0.0256871403470805,10.49,False,원천관측값,,False,원천관측값
1141055500,서대문구,북아현동,서북권,2,근접통근 균형형,고주거비·저통근부담,저부담·지역집중,0.3006240426780228,0.8898952478077656,0.5892712051297428,False,0.11392405063291139,723898.969072165,24.3022569167,61618.87901733137,0.6318968603748624,0.747538202903538,0.0253576499553769,14.24,False,원천관측값,,False,원천관측값
1141056500,서대문구,충현동,서북권,2,근접통근 균형형,고주거비·저통근부담,저부담·지역집중,0.3026158703975497,0.8110722649833383,0.5084563945857885,False,0.12658227848101267,693214.3742255265,25.7404662552,62881.7061182911,0.6459875043948341,0.7285677984852088,0.0297839085025348,24.25,False,원천관측값,,False,원천관측값
1141058500,서대문구,신촌동,서북권,2,근접통근 균형형,고주거비·저통근부담,저부담·지역집중,0.6429055916775887,0.86296013518993,0.22005454351234133,False,0.6708860759493671,736799.3352059925,25.2481466729,61706.35465660347,0.6613257117216077,0.6906032300402494,0.0527667097494908,64.37,False,원천관측값,,False,원천관측값
1141061500,서대문구,연희동,서북권,5,저주거비·지역연계형,저주거비·저통근부담,저부담·지역집중,0.38834992860527284,0.4703101636037445,0.08196023499847166,True,0.27350427350427353,630257.5966850829,28.339621277,66451.16028808623,0.6484756081247002,0.7507621593564336,0.0295126888725555,35.92,False,원천관측값,,False,원천관측값
1141062000,서대문구,홍제제1동,서북권,5,저주거비·지역연계형,고주거비·고통근부담,고부담·지역집중,0.49598667909044103,0.6491066969225903,0.15312001783214924,False,0.5555555555555556,657729.7762478485,26.8023519034,69097.33227463419,0.6364435856204804,0.7847005343105028,0.0181067952571436,12.22,False,원천관측값,,False,원천관측값
1141064000,서대문구,홍제제3동,서북권,5,저주거비·지역연계형,저주거비·고통근부담,저부담·지역집중,0.42174500074111065,0.9450107387664356,0.523265738025325,False,0.37606837606837606,559533.9189848705,35.4524002654,64526.65901131858,0.6424066772216418,0.7733947151561393,0.0205090545126152,10.38,False,원천관측값,,False,원천관측값
1141065500,서대문구,홍제제2동,서북권,5,저주거비·지역연계형,저주거비·저통근부담,저부담·지역집중,0.35155783294471754,0.5482758141088762,0.19671798116415862,False,0.21367521367521367,639895.8333333334,29.1887159196,63523.78032311885,0.6286563802422815,0.7806752163842238,0.0214162254991789,8.13,False,원천관측값,,False,원천관측값
1141066000,서대문구,홍은제1동,서북권,5,저주거비·지역연계형,저주거비·고통근부담,저부담·광역분산,0.8513333198684568,1.0221485087430249,0.17081518887456804,False,0.9743589743589743,493383.30109606707,39.8199087939,63655.05888238589,0.651461647287809,0.7920390420034784,0.0171646327525233,9.02,False,원천관측값,,False,원천관측값
1141068500,서대문구,홍은제2동,서북권,5,저주거비·지역연계형,저주거비·저통근부담,저부담·광역분산,0.45175617904279114,0.7555374806177305,0.3037813015749394,False,0.47863247863247865,551763.6203866431,27.458204693,63736.405881867526,0.6505530505340206,0.79494211903044,0.0154898244932919,16.63,False,원천관측값,,False,원천관측값
1141069000,서대문구,남가좌제1동,서북권,5,저주거비·지역연계형,저주거비·고통근부담,고부담·광역분산,0.5552949934379932,0.6764363851315968,0.1211413916936036,False,0.7521367521367521,616383.6477987422,33.3783592518,71991.55606931783,0.6384606991399641,0.7945125232395943,0.017478703555585,7.04,False,원천관측값,,False,원천관측값
1141070000,서대문구,남가좌제2동,서북권,5,저주거비·지역연계형,저주거비·저통근부담,저부담·지역집중,0.3277588542724741,0.8362068419334179,0.5084479876609438,False,0.15384615384615385,504374.4307330689,29.6364312128,65021.51869800648,0.6624348395812393,0.7749643533453232,0.0195391167691042,18.0,False,원천관측값,,False,원천관측값
1141071000,서대문구,북가좌제1동,서북권,5,저주거비·지역연계형,저주거비·고통근부담,고부담·광역분산,0.26784717617569953,0.8452390666189527,0.5773918904432531,False,0.09401709401709402,625450.3546099291,33.3778611356,65172.42102453955,0.6235941815284629,0.7852691188733484,0.0186320411347717,6.16,False,원천관측값,,False,원천관측값
1141072000,서대문구,북가좌제2동,서북권,5,저주거비·지역연계형,저주거비·고통근부담,고부담·지역집중,0.19944854077481863,0.7763675616672439,0.5769190208924252,False,0.03418803418803419,602888.3171336001,31.394980297,68096.85745476255,0.665674654993146,0.7908073876881649,0.0162007267478164,14.76,False,원천관측값,,False,원천관측값
1144055500,마포구,아현동,서북권,2,근접통근 균형형,고주거비·저통근부담,고부담·지역집중,0.46392065503451074,1.0245689511813059,0.5606482961467951,False,0.4050632911392405,862202.3809523811,26.3784080298,64259.02297244687,0.5748796222734316,0.7280913833825221,0.0306540270667085,13.22,False,원천관측값,,False,원천관측값
1144056500,마포구,공덕동,서북권,2,근접통근 균형형,고주거비·저통근부담,저부담·지역집중,0.13060478671224474,0.7684019071464508,0.6377971204342061,False,0.012658227848101266,733651.4131897711,26.7837613214,63550.72883179222,0.5874259144477115,0.7400152861382301,0.0273376895239222,24.05,False,원천관측값,,False,원천관측값
1144058500,마포구,도화동,서북권,2,근접통근 균형형,고주거비·저통근부담,저부담·지역집중,0.21259424045670944,0.893892349418631,0.6812981089619217,False,0.06329113924050633,749024.4020061729,24.7490018404,65325.04228713272,0.5504193948228477,0.7442919437427191,0.0277296086531685,16.88,False,원천관측값,,False,원천관측값
1144059000,마포구,용강동,서북권,2,근접통근 균형형,고주거비·저통근부담,고부담·지역집중,0.5305379861936209,1.0781456811892838,0.5476076949956629,False,0.5063291139240507,854434.245840043,28.344847235,63382.98543229577,0.5489298636431762,0.72528470069204,0.0336681407442178,14.14,False,원천관측값,,False,원천관측값
1144060000,마포구,대흥동,서북권,2,근접통근 균형형,고주거비·저통근부담,저부담·지역집중,0.3621541635790463,0.849613154418114,0.48745899083906774,False,0.17721518987341772,680000.1768346597,25.8213614194,60307.87874029461,0.6022708032124555,0.7452305502084786,0.0248127782581362,40.44,False,원천관측값,,False,원천관측값
1144061000,마포구,염리동,서북권,1,고비용 통근부담형,고주거비·고통근부담,고부담·지역집중,0.5616716483084151,0.7579052002244915,0.1962335519160764,False,0.43636363636363634,686631.1728395063,26.8729160489,72477.06510507545,0.5614063248045295,0.7436160424316882,0.026222428107907,22.02,False,원천관측값,,False,원천관측값
1144063000,마포구,신수동,서북권,2,근접통근 균형형,고주거비·저통근부담,저부담·지역집중,0.3570733338447267,0.5853118834637047,0.22823854961897794,False,0.1518987341772152,648136.7912029676,27.532353611,63386.477426114,0.5583373554784042,0.7648738895801428,0.0224664941138759,19.92,False,원천관측값,,False,원천관측값
1144065500,마포구,서강동,서북권,2,근접통근 균형형,고주거비·저통근부담,저부담·지역집중,0.37661139688043255,0.9616333647990778,0.5850219679186452,False,0.189873417721519,678603.5366055198,21.8660766474,64250.92630520439,0.5580934489745505,0.7535703141550805,0.0254416639652372,31.4,False,원천관측값,,False,원천관측값
1144066000,마포구,서교동,서북권,2,근접통근 균형형,고주거비·저통근부담,저부담·지역집중,0.2972297124843895,0.6594603727322156,0.3622306602478261,False,0.10126582278481013,740730.8973207604,28.7431371132,63248.02801637023,0.5931472676940883,0.751867251136151,0.0312214213565721,44.36,False,원천관측값,,False,원천관측값
1144068000,마포구,합정동,서북권,1,고비용 통근부담형,고주거비·고통근부담,고부담·지역집중,0.5676686174533286,0.6504157728606372,0.08274715540730859,True,0.45454545454545453,819783.8790931989,28.0850859542,69796.63818654125,0.5623794755942894,0.7622304150142345,0.0236963840280387,32.53,False,원천관측값,,False,원천관측값
1144069000,마포구,망원제1동,서북권,5,저주거비·지역연계형,고주거비·저통근부담,고부담·광역분산,0.5148231609386021,0.5494998150398303,0.03467665410122811,True,0.6068376068376068,729656.1168594036,30.9516326598,63814.67555150903,0.5944403800641723,0.7747158778380882,0.0214502094570122,26.44,False,원천관측값,,False,원천관측값
1144070000,마포구,망원제2동,서북권,5,저주거비·지역연계형,고주거비·고통근부담,고부담·지역집중,0.414409003747234,0.5872247196802491,0.17281571593301515,False,0.3418803418803419,725618.3439829606,30.7327797345,66761.57093300071,0.6221402589851913,0.7733526363730073,0.0212802318081359,18.74,False,원천관측값,,False,원천관측값
1144071000,마포구,연남동,서북권,5,저주거비·지역연계형,고주거비·저통근부담,저부담·지역집중,0.4874837527102069,0.5419776365934076,0.0544938838832007,True,0.5384615384615384,695404.0494003086,31.250328051,63958.2767782589,0.5740169112465223,0.7669829016754459,0.0220537834918812,36.92,False,원천관측값,,False,원천관측값
1144072000,마포구,성산제1동,서북권,1,고비용 통근부담형,고주거비·고통근부담,고부담·지역집중,0.4467162846997256,0.46672578422047184,0.020009499520746266,True,0.18181818181818182,675870.7596993704,30.8341772418,70638.1658620492,0.620113608774224,0.7720520302705783,0.0214985190225052,25.71,False,원천관측값,,False,원천관측값
1144073000,마포구,성산제2동,서북권,1,고비용 통근부담형,고주거비·고통근부담,고부담·지역집중,0.5567373522001635,0.5581874077845694,0.0014500555844059182,True,0.41818181818181815,769659.3175596403,30.492008261,67677.14714662102,0.6242786779776599,0.7689078480418295,0.0216947697156011,27.84,False,원천관측값,,False,원천관측값
1144074000,마포구,상암동,서북권,1,고비용 통근부담형,고주거비·고통근부담,고부담·지역집중,0.41502896876220735,1.0602284333196896,0.6451994645574823,False,0.12727272727272726,737314.2291387774,29.815943443,74931.7940504229,0.6373288953753576,0.7180029314929989,0.0561685781257819,19.97,False,원천관측값,,False,원천관측값
1147051000,양천구,목1동,서남권,5,저주거비·지역연계형,고주거비·고통근부담,고부담·광역분산,0.5547886703401091,0.7497655063722583,0.1949768360321491,False,0.7350427350427351,742668.0672268908,33.3998698114,66252.39753886632,0.581500088671534,0.7710085360137637,0.0234396225032867,3.68,False,원천관측값,,False,원천관측값
1147052000,양천구,목2동,서남권,1,고비용 통근부담형,고주거비·고통근부담,고부담·광역분산,0.5276305469267156,0.8071786366667407,0.2795480897400251,False,0.38181818181818183,708475.9329367226,28.883061815,73331.45495457725,0.5596478865920734,0.7833370045109619,0.0200287538650975,20.4,False,원천관측값,,False,원천관측값
1147053000,양천구,목3동,서남권,5,저주거비·지역연계형,고주거비·저통근부담,고부담·광역분산,0.3817145596276514,0.5436734984210735,0.1619589387934221,False,0.26495726495726496,693703.4366738765,29.192968614,66260.76077000581,0.6114133355723783,0.784473263365872,0.0198294687896873,18.8,False,원천관측값,,False,원천관측값
1147054000,양천구,목4동,서남권,5,저주거비·지역연계형,고주거비·저통근부담,저부담·광역분산,0.320569855480639,0.7127332269675436,0.3921633714869046,False,0.1282051282051282,645465.2482269503,30.57550036,64706.28861345115,0.6138779325577011,0.7970811632795843,0.0166586753505893,12.27,False,원천관측값,,False,원천관측값
1147055000,양천구,목5동,서남권,1,고비용 통근부담형,고주거비·고통근부담,고부담·지역집중,0.45056719116627136,0.9858665051710201,0.5352993140047488,False,0.2,747784.1627172196,31.7682833698,75540.84593490083,0.5683445823259794,0.7671622804152705,0.0240487898342429,4.08,False,원천관측값,,False,원천관측값
1147056000,양천구,신월1동,서남권,5,저주거비·지역연계형,저주거비·저통근부담,저부담·지역집중,0.3235804323936753,0.8865670359850847,0.5629866035914094,False,0.1452991452991453,527961.0791366906,30.130479746,64871.03455947152,0.704002205472536,0.7797429707009786,0.0179621060721614,11.24,False,원천관측값,,False,원천관측값
1147057000,양천구,신월2동,서남권,5,저주거비·지역연계형,저주거비·고통근부담,저부담·광역분산,0.36771282190167776,0.8335875174294487,0.46587469552777094,False,0.23076923076923078,575650.0403877221,33.7911600588,64877.12738148342,0.644345072139925,0.8041717371401896,0.0148092387034671,8.12,False,원천관측값,,False,원천관측값
1147058000,양천구,신월3동,서남권,5,저주거비·지역연계형,저주거비·저통근부담,저부담·지역집중,0.48197433019348057,1.0809021956357165,0.598927865442236,False,0.5128205128205128,453126.4665286405,30.150150652,65840.04919667717,0.7043928467439631,0.7876270266489511,0.0173609347730618,11.28,False,원천관측값,,False,원천관측값
1147059000,양천구,신월4동,서남권,5,저주거비·지역연계형,저주거비·고통근부담,저부담·광역분산,0.4233067959661715,1.01861054391253,0.5953037479463584,False,0.38461538461538464,597140.625,33.9658660895,64143.389601693576,0.6911978976748253,0.8033877264136039,0.0165847934154756,4.75,False,원천관측값,,False,원천관측값
1147060000,양천구,신월5동,서남권,5,저주거비·지역연계형,고주거비·고통근부담,고부담·지역집중,0.390260880410665,0.5432724558716775,0.15301157546101252,False,0.28205128205128205,649106.5656565657,30.2221501656,70109.34070485116,0.6768157017685597,0.7839061723011334,0.0181145452467979,12.4,False,원천관측값,,False,원천관측값
1147061000,양천구,신월6동,서남권,5,저주거비·지역연계형,저주거비·고통근부담,저부담·광역분산,0.3472493360034415,0.8410028136523298,0.4937534776488883,False,0.19658119658119658,520755.8555555556,32.112507328,67138.11566872183,0.6447208286940977,0.8042428024363794,0.0165975506169163,6.32,False,원천관측값,,False,원천관측값
1147061100,양천구,신월7동,서남권,5,저주거비·지역연계형,저주거비·고통근부담,고부담·지역집중,0.4234897178338877,1.0104612175028183,0.5869714996689306,False,0.39316239316239315,531630.1754385964,34.6532442007,67007.03043808085,0.6982701307324872,0.7940695586677553,0.0167030760033692,9.38,False,원천관측값,,False,원천관측값
1147062000,양천구,신정1동,서남권,5,저주거비·지역연계형,저주거비·저통근부담,저부담·광역분산,0.3306575770677725,0.7253754845921128,0.3947179075243403,False,0.1623931623931624,559975.7751937985,28.1432817277,65018.722072848745,0.6486448525209231,0.790077003062115,0.0184666525977985,4.28,False,원천관측값,,False,원천관측값
1147063000,양천구,신정2동,서남권,5,저주거비·지역연계형,저주거비·고통근부담,저부담·광역분산,0.3573722887759692,0.7210541416033538,0.3636818528273846,False,0.2222222222222222,562138.7411347517,29.2220617578,67088.67129935429,0.5742579124102294,0.7821290482826756,0.0195763995530656,4.64,False,원천관측값,,False,원천관측값
1147064000,양천구,신정3동,서남권,5,저주거비·지역연계형,저주거비·고통근부담,저부담·지역집중,0.5197619639956419,1.0027042694638537,0.4829423054682118,False,0.6153846153846154,464541.083916084,28.001628686,68343.59061763434,0.6856651164539137,0.7799914941563703,0.0181818316689083,6.24,False,원천관측값,,False,원천관측값
1147065000,양천구,신정4동,서남권,2,근접통근 균형형,저주거비·저통근부담,저부담·지역집중,0.5897964271739982,0.6612348027591531,0.07143837558515498,True,0.620253164556962,635509.9345238096,24.067794672,68306.23816158266,0.6278380770368588,0.7786681669714881,0.0191194678560034,21.13,False,원천관측값,,False,원천관측값
1147067000,양천구,신정6동,서남권,1,고비용 통근부담형,고주거비·고통근부담,고부담·광역분산,1.2634439413911738,1.5580035323879207,0.2945595909967469,False,0.9090909090909091,1141791.6666666665,32.3787025398,70319.63193123673,0.5757895020243496,0.7911924319409025,0.0190274065972707,3.43,False,원천관측값,,False,원천관측값
1147068000,양천구,신정7동,서남권,1,고비용 통근부담형,고주거비·고통근부담,고부담·광역분산,0.5058803680541206,0.6871596292869088,0.18127926123278815,False,0.3090909090909091,746696.4962121212,31.9754029161,71504.20803351971,0.5955391975015246,0.7911936005342737,0.0174381582972937,3.95,False,원천관측값,,False,원천관측값
1150051000,강서구,염창동,서남권,1,고비용 통근부담형,고주거비·고통근부담,고부담·지역집중,0.49492006725035625,1.122791181693709,0.6278711144433529,False,0.2909090909090909,855391.392718275,32.29252142,74311.47227011374,0.5679437924587103,0.7534239083651756,0.0287356456558297,18.57,False,원천관측값,,False,원천관측값
1150052000,강서구,등촌제1동,서남권,1,고비용 통근부담형,고주거비·고통근부담,고부담·지역집중,0.5230666032453833,0.5979211449006014,0.0748545416552181,True,0.36363636363636365,715655.365029878,29.7071544635,68298.71168593004,0.5945353279672867,0.7338029936371346,0.0325249424442472,39.61,False,원천관측값,,False,원천관측값
1150053000,강서구,등촌제2동,서남권,2,근접통근 균형형,고주거비·고통근부담,고부담·광역분산,0.48965242490303645,0.6272511399559457,0.13759871505290927,False,0.43037974683544306,749538.3333333334,27.1422104959,67985.93277596583,0.6027535473563038,0.7764397116356022,0.0208259525585679,18.14,False,원천관측값,,False,원천관측값
1150053500,강서구,등촌제3동,서남권,1,고비용 통근부담형,고주거비·고통근부담,고부담·지역집중,0.3120770094513261,1.011985944116519,0.699908934665193,False,0.03636363636363636,814908.8050314464,28.871410536000003,74083.7073701593,0.6590632512231549,0.7302208329569843,0.0285910668342464,11.29,False,원천관측값,,False,원천관측값
1150054000,강서구,화곡제1동,서남권,5,저주거비·지역연계형,고주거비·고통근부담,고부담·지역집중,0.4329265662359069,0.6738643863390156,0.24093782010310866,False,0.42735042735042733,734036.0911589962,31.8566881116,66793.22902084557,0.6267540860008091,0.7769702653315956,0.0178900333761973,29.1,False,원천관측값,,False,원천관측값
1150055000,강서구,화곡제2동,서남권,5,저주거비·지역연계형,고주거비·저통근부담,고부담·광역분산,0.501457084377069,0.6285508214628661,0.12709373708579708,False,0.5811965811965812,724825.3357030014,28.245965338,66214.13823439894,0.6467874606372565,0.796868336714403,0.0150243040444994,15.64,False,원천관측값,,False,원천관측값
1150056000,강서구,화곡제3동,서남권,5,저주거비·지역연계형,저주거비·고통근부담,저부담·지역집중,0.4172788607873368,0.62308893360665,0.20581007281931318,False,0.358974358974359,599597.4208017943,26.7095269322,67949.06387446875,0.6394246507575613,0.7775830899614573,0.0186207173256686,18.03,False,원천관측값,,False,원천관측값
1150057000,강서구,화곡제4동,서남권,5,저주거비·지역연계형,저주거비·고통근부담,고부담·지역집중,0.20392151027496508,0.7433763124622561,0.539454802187291,False,0.042735042735042736,636092.6300188628,30.173996473,66736.62905513639,0.661190753972911,0.7912884565833231,0.015252268816336,13.23,False,원천관측값,,False,원천관측값
1150059000,강서구,화곡본동,서남권,1,고비용 통근부담형,고주거비·고통근부담,고부담·지역집중,0.40110225529920224,0.7121000055491498,0.3109977502499475,False,0.09090909090909091,651491.3516609393,31.8661513266,74092.00717035487,0.6450879995652901,0.7664174638490234,0.0186752201683887,26.63,False,원천관측값,,False,원천관측값
1150059100,강서구,화곡제6동,서남권,2,근접통근 균형형,고주거비·저통근부담,저부담·지역집중,0.42434268372609635,0.4346049507783212,0.010262267052224827,True,0.3037974683544304,652120.8086785008,27.944715782,67003.51902755925,0.6356821735356755,0.7516393626728382,0.022053534077881,28.92,False,원천관측값,,False,원천관측값
1150059300,강서구,화곡제8동,서남권,5,저주거비·지역연계형,고주거비·저통근부담,저부담·지역집중,0.36840564534369613,0.5096540200044473,0.14124837466075113,False,0.23931623931623933,647289.3772893773,27.5448504584,66067.47088338739,0.6303645229834569,0.7819399053197822,0.0162004575194743,18.76,False,원천관측값,,False,원천관측값
1150060300,강서구,가양제1동,서남권,1,고비용 통근부담형,고주거비·고통근부담,고부담·지역집중,0.8129740712395461,0.9514577565730934,0.13848368533354727,False,0.7454545454545455,785094.2103620474,31.0543893244,69075.97753530797,0.6695621252048832,0.6840852543779055,0.0455802999520364,51.79,False,원천관측값,,False,원천관측값
1150060400,강서구,가양제2동,서남권,5,저주거비·지역연계형,저주거비·고통근부담,고부담·지역집중,0.43157106542468054,0.6172878016768936,0.18571673625221302,False,0.4188034188034188,619500.0,33.0135138102,70073.3081249091,0.6192470666343204,0.7591747717318197,0.0251964524035027,15.81,False,원천관측값,,False,원천관측값
1150060500,강서구,가양제3동,서남권,1,고비용 통근부담형,고주거비·고통근부담,고부담·광역분산,0.5732913501894494,0.9154221761651572,0.34213082597570776,False,0.4727272727272727,855067.2268907563,32.999428914,70600.30969334717,0.5808817747956234,0.7726433550519608,0.0242200755195257,12.24,False,원천관측값,,False,원천관측값
1150061100,강서구,발산제1동,서남권,1,고비용 통근부담형,고주거비·고통근부담,고부담·지역집중,0.45707019207579885,0.8605341512523916,0.4034639591765928,False,0.23636363636363636,667344.7955390336,28.1176654418,73025.96156598907,0.7016115602932649,0.7286415837666734,0.0289876084250843,6.79,False,원천관측값,,False,원천관측값
1150061500,강서구,우장산동,서남권,1,고비용 통근부담형,고주거비·고통근부담,고부담·지역집중,0.4378547923682041,0.4913730071650907,0.053518214796886565,True,0.14545454545454545,660826.9476372923,31.704017802,69680.14710727254,0.6455134532581137,0.7525623920377931,0.02255179874213,11.76,False,원천관측값,,False,원천관측값
1150062000,강서구,공항동,서남권,1,고비용 통근부담형,저주거비·고통근부담,고부담·지역집중,0.7283180730952044,1.2131873565766513,0.484869283481447,False,0.7272727272727273,632659.4856379426,29.5919185418,76856.13193883459,0.6998168894818935,0.7031526185999935,0.0367728980590118,19.3,False,원천관측값,,False,원천관측값
1150063000,강서구,방화제1동,서남권,1,고비용 통근부담형,저주거비·고통근부담,고부담·지역집중,0.5911398837523482,0.6925541237951716,0.1014142400428234,True,0.509090909090909,639956.3194917176,32.7201153984,68505.02976250759,0.6633686023255384,0.7253352534588814,0.03098485473182,11.23,False,원천관측값,,False,원천관측값
1150064000,강서구,방화제2동,서남권,5,저주거비·지역연계형,저주거비·고통근부담,고부담·지역집중,0.7693342622508865,0.912772711895267,0.14343844964438046,False,0.9401709401709402,534896.191787107,30.2698551412,69290.9088970484,0.6968707202974791,0.7098655281652758,0.0320569861875255,20.62,False,원천관측값,,False,원천관측값
1150064100,강서구,방화제3동,서남권,5,저주거비·지역연계형,저주거비·고통근부담,고부담·지역집중,0.7262707618968249,1.0148920666720938,0.2886213047752688,False,0.9145299145299145,463508.80281690136,32.828298522,70129.29747171116,0.6777453917691307,0.7288810730658738,0.0299019597937292,11.24,False,원천관측값,,False,원천관측값
1153051000,구로구,신도림동,서남권,2,근접통근 균형형,고주거비·저통근부담,고부담·지역집중,0.7892646075305525,1.008078702678949,0.21881409514839656,False,0.8607594936708861,905512.9427792914,31.8125416834,64526.23821520258,0.5498139871180785,0.75268640916502,0.0248256309277519,13.76,False,원천관측값,,False,원천관측값
1153052000,구로구,구로제1동,서남권,5,저주거비·지역연계형,고주거비·고통근부담,고부담·지역집중,0.4075999555162232,0.7515160829653086,0.3439161274490854,False,0.3247863247863248,657836.2421383649,33.6231693736,65799.14866653769,0.5893107200725742,0.7617767599996982,0.0260249747519187,13.75,False,원천관측값,,False,원천관측값
1153053000,구로구,구로제2동,서남권,5,저주거비·지역연계형,저주거비·고통근부담,저부담·지역집중,0.5495098605987592,0.7540257944931029,0.20451593389434375,False,0.7264957264957265,522451.56210632407,28.961777988,67981.6572131313,0.6234045054999044,0.734684578203291,0.0319260469758148,14.8,False,원천관측값,,False,원천관측값
1153054000,구로구,구로제3동,서남권,6,고주거비·직주근접형,저주거비·고통근부담,고부담·지역집중,0.8989650822816273,0.899307808260791,0.00034272597916373826,True,0.71875,638478.4652714588,25.608286468,69872.0634455682,0.6009193585110839,0.673893541146546,0.0750587377820558,37.2,False,원천관측값,,False,원천관측값
1153055000,구로구,구로제4동,서남권,5,저주거비·지역연계형,저주거비·저통근부담,저부담·지역집중,0.5411728891133369,0.6538946191300068,0.11272173001666985,False,0.6923076923076923,533354.3859649122,29.5132499578,63129.32957939751,0.5860755665926369,0.7477369585473465,0.0299703808666412,18.18,False,원천관측값,,False,원천관측값
1153056000,구로구,구로제5동,서남권,5,저주거비·지역연계형,저주거비·고통근부담,저부담·지역집중,0.5475406011741216,0.7219806985686162,0.17444009739449462,False,0.7094017094017094,572010.5713363459,31.7399363308,65319.93158343313,0.5374607470976291,0.7466757764402832,0.0260042882129544,30.21,False,원천관측값,,False,원천관측값
1153059500,구로구,가리봉동,서남권,2,근접통근 균형형,저주거비·저통근부담,저부담·지역집중,1.0052458131528508,1.0999160279561937,0.09467021480334292,True,0.9620253164556962,532535.4911981829,25.9982749877,64582.02183379133,0.656460638319152,0.664244665177918,0.0745719989730625,32.33,False,원천관측값,,False,원천관측값
1153072000,구로구,고척제1동,서남권,5,저주거비·지역연계형,저주거비·저통근부담,저부담·지역집중,0.26324864462082204,0.6791945069585881,0.41594586233776604,False,0.08547008547008547,554405.6674123788,30.2238952028,65482.56969099015,0.63298986301458,0.759367432352323,0.0233241375542397,13.19,False,원천관측값,,False,원천관측값
1153073000,구로구,고척제2동,서남권,5,저주거비·지역연계형,저주거비·저통근부담,저부담·지역집중,0.5929138574854662,1.0555240104498729,0.46261015296440666,False,0.8034188034188035,419935.5355555556,28.207286822,65474.03817287268,0.6654151856283896,0.7875479173987324,0.0189024345303612,8.09,False,원천관측값,,False,원천관측값
1153074000,구로구,개봉제1동,서남권,5,저주거비·지역연계형,저주거비·고통근부담,고부담·지역집중,0.19626738100613914,0.8634071863552145,0.6671398053490754,False,0.02564102564102564,545555.2769818528,31.5216053198,67619.35378906495,0.6309959879049349,0.776592325704729,0.0191146346522735,9.37,False,원천관측값,,False,원천관측값
1153075000,구로구,개봉제2동,서남권,5,저주거비·지역연계형,저주거비·고통근부담,고부담·광역분산,0.5272898791891767,0.7708754729778693,0.2435855937886926,False,0.6410256410256411,554646.2264150943,34.1304098735,70783.65138512876,0.5908173709176289,0.7773834632057919,0.0197683714599818,7.65,False,원천관측값,,False,원천관측값
1153076000,구로구,개봉제3동,서남권,5,저주거비·지역연계형,저주거비·고통근부담,고부담·지역집중,0.5367312275394455,0.8615441934203619,0.32481296588091646,False,0.6581196581196581,635391.2450396825,36.7209375684,65767.48561717101,0.6038614963806952,0.7695914395322382,0.0224260335609211,6.63,False,원천관측값,,False,원천관측값
1153077000,구로구,오류제1동,서남권,5,저주거비·지역연계형,저주거비·고통근부담,고부담·지역집중,0.4685890750988911,0.7529721339268031,0.284383058827912,False,0.49572649572649574,606128.7111298719,34.8481424142,67631.57603506888,0.570760871247613,0.7663670592167185,0.0212332947337921,32.23,False,원천관측값,,False,원천관측값
1153078000,구로구,오류제2동,서남권,5,저주거비·지역연계형,저주거비·고통근부담,고부담·지역집중,0.48809205748910417,0.8199037484095529,0.33181169092044877,False,0.5470085470085471,542457.7409162718,33.373320323,70333.00189396804,0.6001324640891291,0.763188901974135,0.0242433752682771,10.76,False,원천관측값,,False,원천관측값
1153079000,구로구,수궁동,서남권,5,저주거비·지역연계형,저주거비·고통근부담,고부담·광역분산,0.6002546732891579,0.7590845719693929,0.158829898680235,False,0.8205128205128205,539364.7875816993,36.7763894154,69314.885583037,0.6013698520333967,0.7800624285831957,0.0212391523965359,8.51,False,원천관측값,,False,원천관측값
1153080000,구로구,항동,서남권,1,고비용 통근부담형,고주거비·고통근부담,고부담·광역분산,0.9017205506038974,1.1996951486003442,0.29797459799644677,False,0.8,815500.0,38.297641573,75416.63948794114,0.592303162531017,0.7991283064529046,0.0203198796805947,11.71,False,원천관측값,,False,원천관측값
1154551000,금천구,가산동,서남권,6,고주거비·직주근접형,저주거비·저통근부담,저부담·지역집중,0.9917928082807065,1.6962691842927209,0.7044763760120144,False,0.78125,621074.8781368478,23.802716141,64898.82381537957,0.6907579408265014,0.5810983259795564,0.1440106258256524,55.77,False,원천관측값,,False,원천관측값
1154561000,금천구,독산제1동,서남권,6,고주거비·직주근접형,고주거비·저통근부담,저부담·지역집중,0.6116812034449154,0.8588832309819637,0.24720202753704834,False,0.4375,696492.3218390805,23.6669942795,65770.58817487331,0.6414775322204872,0.6637069502075703,0.0705839397681384,35.06,False,원천관측값,,False,원천관측값
1154562000,금천구,독산제2동,서남권,2,근접통근 균형형,저주거비·저통근부담,저부담·지역집중,0.6662211086668077,0.8323780292915989,0.16615692062479115,False,0.7088607594936709,539562.638469285,26.21441312,62705.63132864763,0.6559712928554876,0.7170992662582979,0.0390479660974987,14.26,False,원천관측값,,False,원천관측값
1154563000,금천구,독산제3동,서남권,2,근접통근 균형형,저주거비·저통근부담,저부담·지역집중,0.5297997430434207,0.6139152347595938,0.08411549171617305,True,0.4936708860759494,554800.8620689654,26.30758415,65301.32190966262,0.5570976832133278,0.75709669496944,0.0286607320617289,20.53,False,원천관측값,,False,원천관측값
1154564000,금천구,독산제4동,서남권,2,근접통근 균형형,저주거비·저통근부담,저부담·지역집중,0.8149528417273758,1.1051653584508323,0.2902125167234565,False,0.9240506329113924,526737.631820266,22.2460038644,63004.684643367655,0.678557341717153,0.7090711442523917,0.0430486876706843,13.56,False,원천관측값,,False,원천관측값
1154567000,금천구,시흥제1동,서남권,2,근접통근 균형형,저주거비·저통근부담,저부담·지역집중,0.8142504441445435,0.8642320637968504,0.04998161965230685,True,0.9113924050632911,532556.3736769443,28.2311426298,65943.39659166338,0.6522600075518867,0.6973304791350388,0.0444891197778301,17.5,False,원천관측값,,False,원천관측값
1154568000,금천구,시흥제2동,서남권,5,저주거비·지역연계형,저주거비·저통근부담,저부담·지역집중,0.6005524243972443,0.9786019830300748,0.3780495586328305,False,0.8290598290598291,471100.97222222225,32.7297043194,62563.51449031966,0.5929454025832287,0.756970272655912,0.0272130188519896,3.29,False,원천관측값,,False,원천관측값
1154569000,금천구,시흥제3동,서남권,2,근접통근 균형형,저주거비·저통근부담,저부담·지역집중,0.5671479967725611,0.6378258742355825,0.07067787746302134,True,0.5822784810126582,611248.5767195767,28.0341273784,66001.15599964616,0.6695832647785459,0.7212654647493935,0.0375429863761639,7.21,False,원천관측값,,False,원천관측값
1154570000,금천구,시흥제4동,서남권,2,근접통근 균형형,저주거비·저통근부담,저부담·지역집중,0.7387995258057748,0.7662152853040033,0.027415759498228498,True,0.810126582278481,497488.88888888876,25.4069388228,64615.33463003708,0.6686222516833248,0.7310879774513099,0.0332830793968098,7.66,False,원천관측값,,False,원천관측값
1154571000,금천구,시흥제5동,서남권,5,저주거비·지역연계형,저주거비·저통근부담,저부담·지역집중,0.7062067151766053,0.8774204651383151,0.1712137499617098,False,0.905982905982906,450949.513794663,27.9515999578,64340.9185928493,0.6635852671316094,0.7330845204175016,0.0353349185138048,9.21,False,원천관측값,,False,원천관측값
1156051500,영등포구,영등포본동,서남권,2,근접통근 균형형,저주거비·저통근부담,저부담·지역집중,0.6499090473702333,0.709683233761134,0.05977418639090071,True,0.6835443037974683,508509.4030365769,26.9680743242,63895.89809488092,0.5544732423602698,0.7435804431062726,0.0321887988330227,16.03,False,원천관측값,,False,원천관측값
1156053500,영등포구,영등포동,서남권,6,고주거비·직주근접형,고주거비·고통근부담,고부담·지역집중,0.8279438255922069,1.0079954172303347,0.18005159163812778,False,0.6875,782644.7939262474,27.3813345726,69336.25661594681,0.5531222161604483,0.6584801025923647,0.0709125928187558,53.39,False,원천관측값,,False,원천관측값
1156054000,영등포구,여의동,서남권,6,고주거비·직주근접형,고주거비·저통근부담,고부담·지역집중,1.0043175798096031,2.0085477684870634,1.0042301886774603,False,0.8125,996545.008912656,23.099953123,68374.84785145552,0.5989349586862548,0.5646458766924067,0.2077683077565957,13.25,False,원천관측값,,False,원천관측값
1156055000,영등포구,당산제1동,서남권,2,근접통근 균형형,고주거비·저통근부담,고부담·지역집중,0.5057223795612266,1.0855913184630501,0.5798689389018236,False,0.46835443037974683,847219.8424421466,24.762232254,64897.91418161885,0.5181189665091668,0.7271627119683092,0.0321927919894039,32.82,False,원천관측값,,False,원천관측값
1156056000,영등포구,당산제2동,서남권,2,근접통근 균형형,고주거비·고통근부담,고부담·지역집중,0.6642335424539652,0.9993036417341206,0.3350700992801554,False,0.6962025316455697,765788.5466988728,30.4428291239,66142.04600628541,0.5014961197333981,0.7115922390300716,0.039383331037559,38.85,False,원천관측값,,False,원천관측값
1156058500,영등포구,도림동,서남권,5,저주거비·지역연계형,저주거비·저통근부담,저부담·지역집중,0.5095904240132029,0.5822185441669563,0.07262812015375342,True,0.5982905982905983,626364.2611683849,30.9719560121,63241.9441650689,0.5528109763178719,0.7604124420552084,0.0227310963391622,24.14,False,원천관측값,,False,원천관측값
1156060500,영등포구,문래동,서남권,2,근접통근 균형형,고주거비·저통근부담,고부담·지역집중,0.9114121988143183,1.0958197823770606,0.18440758356274223,False,0.9493670886075949,985695.5916666668,30.1962608188,65301.6076860412,0.5407948432565257,0.7386351865011805,0.0293774873889352,14.21,False,원천관측값,,False,원천관측값
1156061000,영등포구,양평제1동,서남권,2,근접통근 균형형,고주거비·저통근부담,고부담·지역집중,0.3858802714384314,0.906827525550269,0.5209472541118376,False,0.22784810126582278,736873.5489220564,27.4121883392,65686.50445282453,0.554401661029576,0.7151209033042407,0.0374767337227542,34.03,False,원천관측값,,False,원천관측값
1156062000,영등포구,양평제2동,서남권,2,근접통근 균형형,고주거비·고통근부담,고부담·지역집중,0.5733632267289827,0.8401835719940716,0.2668203452650889,False,0.5949367088607594,784455.3131597468,27.528398353,67987.06614631564,0.5453357160024861,0.7096121631893456,0.0437583829701079,30.8,False,원천관측값,,False,원천관측값
1156063000,영등포구,신길제1동,서남권,2,근접통근 균형형,고주거비·저통근부담,저부담·지역집중,0.5272465524808724,0.6782437011097291,0.15099714862885671,False,0.4810126582278481,649488.0704192726,25.8018377911,66104.35404924848,0.4694120413263577,0.7384198789783173,0.0375590139096005,33.3,False,원천관측값,,False,원천관측값
1156065000,영등포구,신길제3동,서남권,5,저주거비·지역연계형,저주거비·저통근부담,저부담·광역분산,0.6668508726469421,0.803235635852272,0.13638476320532988,False,0.8888888888888888,477224.86413043475,25.9081713924,67018.1125470483,0.5671042027238143,0.7691550441099632,0.0242856064591692,13.52,False,원천관측값,,False,원천관측값
1156066000,영등포구,신길제4동,서남권,2,근접통근 균형형,고주거비·저통근부담,저부담·광역분산,0.41490278494860805,0.7245117008647515,0.3096089159161434,False,0.27848101265822783,750202.1276595745,25.8112870246,65915.70805280349,0.5418586088157484,0.7783649380857836,0.0262771896938199,11.97,False,원천관측값,,False,원천관측값
1156067000,영등포구,신길제5동,서남권,5,저주거비·지역연계형,저주거비·저통근부담,저부담·광역분산,0.7525511557928452,0.8547795298945055,0.1022283741016603,False,0.9230769230769231,465914.08934707905,25.0713228157,65329.36477688241,0.5569149615594245,0.7825450234534436,0.02204690114471,10.53,False,원천관측값,,False,원천관측값
1156068000,영등포구,신길제6동,서남권,3,광역분산 통근형,저주거비·고통근부담,저부담·광역분산,0.5469027227781261,0.8267878980753626,0.27988517529723644,False,0.75,567425.0594766057,25.9925258655,68926.6262059499,0.4677163536205453,0.7761323308969914,0.0216833157935803,25.97,False,원천관측값,,False,원천관측값
1156069000,영등포구,신길제7동,서남권,3,광역분산 통근형,저주거비·저통근부담,저부담·광역분산,0.5881746060128473,0.6101280153760344,0.021953409363187126,True,0.8026315789473685,584138.8888888889,24.719422646,65660.90897905845,0.4917541562937285,0.76872402561493,0.0274782092554673,12.69,False,원천관측값,,False,원천관측값
1156070000,영등포구,대림제1동,서남권,5,저주거비·지역연계형,저주거비·저통근부담,저부담·지역집중,0.48669598777340256,0.7077310962002463,0.22103510842684376,False,0.5299145299145299,512489.01903367497,28.4702854708,64135.26300291102,0.5792544119106655,0.7701867781043593,0.0200831847761859,15.31,False,원천관측값,,False,원천관측값
1156071000,영등포구,대림제2동,서남권,5,저주거비·지역연계형,저주거비·저통근부담,저부담·광역분산,0.6175243197600748,0.7098652651841518,0.092340945424077,True,0.8461538461538461,524153.44406448456,28.2183140412,66378.64154677324,0.5229948304243136,0.7591620707459793,0.0257978925230389,25.51,False,원천관측값,,False,원천관측값
1156072000,영등포구,대림제3동,서남권,5,저주거비·지역연계형,저주거비·저통근부담,저부담·광역분산,0.5400451686796248,0.7463066842013659,0.2062615155217411,False,0.6837606837606838,517829.4264774313,27.3177158747,66455.78683965122,0.5571367585939988,0.7804051523497862,0.0194096178693875,13.35,False,원천관측값,,False,원천관측값
1159051000,동작구,노량진제1동,서남권,2,근접통근 균형형,저주거비·저통근부담,저부담·지역집중,0.7169513641877485,0.7954668935010686,0.07851552931332006,True,0.7848101265822784,522067.1487603305,26.017253587,67584.98256347133,0.5146220694347313,0.7454404093702168,0.0301839227045064,33.64,False,원천관측값,,False,원천관측값
1159052000,동작구,노량진제2동,서남권,3,광역분산 통근형,저주거비·저통근부담,저부담·광역분산,0.4270858042084747,0.6968925152610855,0.26980671105261084,False,0.5263157894736842,579062.0328849029,28.8287803496,64548.76298678348,0.4806772410106178,0.7808826877446072,0.020681134424005,39.09,False,원천관측값,,False,원천관측값
1159053000,동작구,상도제1동,서남권,2,근접통근 균형형,저주거비·저통근부담,저부담·광역분산,0.5333066958487699,0.6136981695092272,0.08039147366045729,True,0.5316455696202531,629177.8966838418,25.8412850041,64573.41447306499,0.564815819433585,0.7907280455491604,0.016758305303432,35.25,False,원천관측값,,False,원천관측값
1159054000,동작구,상도제2동,서남권,2,근접통근 균형형,저주거비·저통근부담,저부담·광역분산,0.5814963926855743,0.6160649362195396,0.034568543533965324,True,0.6075949367088608,593621.7948717949,26.661529218,64205.10021673367,0.5371103990767011,0.7847602900083739,0.0165790616928966,21.29,False,원천관측값,,False,원천관측값
1159055000,동작구,상도제3동,서남권,5,저주거비·지역연계형,저주거비·저통근부담,저부담·광역분산,0.5699167166290564,0.587932166486968,0.018015449857911592,True,0.7692307692307693,601487.2136650868,27.4175643908,65472.64437963663,0.5397836371374254,0.7967495421124935,0.0153286144325453,25.92,False,원천관측값,,False,원천관측값
1159056000,동작구,상도제4동,서남권,5,저주거비·지역연계형,저주거비·저통근부담,저부담·광역분산,0.5295001789596874,0.6050519628590919,0.07555178389940453,True,0.6495726495726496,602588.1444023035,29.995441761,64592.48713213588,0.5381317443434583,0.8036433422113561,0.014825981986434,21.85,False,원천관측값,,False,원천관측값
1159060500,동작구,흑석동,서남권,2,근접통근 균형형,저주거비·저통근부담,저부담·지역집중,0.38510943611089105,0.5553250290004385,0.1702155928895474,False,0.21518987341772153,631086.9565217391,28.414721108,64557.6128158651,0.5543216326566452,0.7508549038958247,0.0318770761530418,17.2,False,원천관측값,,False,원천관측값
1159062000,동작구,사당제1동,서남권,2,근접통근 균형형,고주거비·저통근부담,저부담·지역집중,0.4359397235479195,0.4822134999014295,0.04627377635350999,True,0.3291139240506329,676824.8730964467,26.536322006,65598.05248274597,0.6497239274615755,0.7768186118147675,0.017367325351521,41.48,False,원천관측값,,False,원천관측값
1159063000,동작구,사당제2동,서남권,5,저주거비·지역연계형,저주거비·고통근부담,고부담·광역분산,0.42396142056883446,0.6105199995731354,0.18655857900430095,False,0.4017094017094017,623947.3206176204,27.2561264276,68247.54168893989,0.6087131307976746,0.7822908488024054,0.018317259270736,13.18,False,원천관측값,,False,원천관측값
1159064000,동작구,사당제3동,서남권,5,저주거비·지역연계형,저주거비·저통근부담,저부담·광역분산,0.49824960985646,0.6789245867956374,0.1806749769391774,False,0.5641025641025641,637021.7678100264,26.4017709259,67458.02871537866,0.6295537279640683,0.7993403715590995,0.0146732936241046,16.05,False,원천관측값,,False,원천관측값
1159065000,동작구,사당제4동,서남권,5,저주거비·지역연계형,고주거비·저통근부담,저부담·광역분산,0.6575377283052682,0.6613104350295728,0.00377270672430452,True,0.8803418803418803,659175.5380036631,25.8355814355,62235.40746956038,0.6680126801615175,0.7989157643260181,0.014340063519192,27.08,False,원천관측값,,False,원천관측값
1159065100,동작구,사당제5동,서남권,5,저주거비·지역연계형,저주거비·저통근부담,저부담·광역분산,0.4208497724346497,0.7296302468396847,0.308780474405035,False,0.36752136752136755,604674.2340346992,27.8944690443,64046.224849147584,0.661869112623949,0.8007086504446121,0.0149324083927484,20.08,False,원천관측값,,False,원천관측값
1159066000,동작구,대방동,서남권,3,광역분산 통근형,저주거비·저통근부담,저부담·광역분산,0.3174806925172051,0.8366658316440774,0.5191851391268723,False,0.23684210526315788,587038.0370632671,27.2903893658,66047.00098542012,0.413504621538806,0.7706218153335099,0.0250309585964867,25.83,False,원천관측값,,False,원천관측값
1159067000,동작구,신대방제1동,서남권,3,광역분산 통근형,저주거비·저통근부담,저부담·광역분산,0.4474508670492435,0.8430340712971525,0.395583204247909,False,0.5657894736842105,516698.38060224085,27.6895969925,65562.35726191844,0.4391603609571972,0.777498032776549,0.0202249406717533,17.94,False,원천관측값,,False,원천관측값
1159068000,동작구,신대방제2동,서남권,3,광역분산 통근형,저주거비·고통근부담,저부담·광역분산,0.5738116078872295,0.6198637008615382,0.04605209297430868,True,0.7894736842105263,555361.5226337449,28.1732937184,67554.78386605515,0.5080741943482683,0.776588610389349,0.0193996256445831,28.81,False,원천관측값,,False,원천관측값
1162052500,관악구,보라매동,서남권,5,저주거비·지역연계형,저주거비·저통근부담,저부담·광역분산,0.2836171046238411,0.7118545398087753,0.42823743518493423,False,0.11965811965811966,591150.8219770711,30.3798371869,65608.79861829751,0.5849794767856487,0.7873829119002936,0.0172843117079055,31.56,False,원천관측값,,False,원천관측값
1162054500,관악구,청림동,서남권,5,저주거비·지역연계형,저주거비·저통근부담,저부담·광역분산,0.5743413970959981,0.7897535039502908,0.21541210685429268,False,0.7863247863247863,502714.28571428574,29.1261301788,65292.29145591897,0.5744507209122225,0.8153170797486702,0.0142419468016867,10.04,False,원천관측값,,False,원천관측값
1162056500,관악구,성현동,서남권,5,저주거비·지역연계형,고주거비·고통근부담,고부담·광역분산,0.398061458597172,0.6596633532397476,0.26160189464257555,False,0.29914529914529914,678671.537926235,30.4534847057,68864.89601218478,0.6256149380602088,0.7974728087521977,0.0157317423751988,11.52,False,원천관측값,,False,원천관측값
1162057500,관악구,행운동,서남권,5,저주거비·지역연계형,저주거비·저통근부담,저부담·지역집중,0.14534098541099635,0.6672996652098648,0.5219586797988685,False,0.008547008547008548,605179.5517940915,29.8199222186,65661.2431836576,0.6495969516114002,0.7811542589243538,0.0183939606769495,48.11,False,원천관측값,,False,원천관측값
1162058500,관악구,낙성대동,서남권,5,저주거비·지역연계형,고주거비·저통근부담,저부담·지역집중,0.33588859062175147,0.6851153495856231,0.3492267589638717,False,0.1794871794871795,641567.0475632384,31.700427108,64400.20833043686,0.6817681303069453,0.7570789984715267,0.0231064323931985,58.98,False,원천관측값,,False,원천관측값
1162059500,관악구,청룡동,서남권,5,저주거비·지역연계형,저주거비·고통근부담,고부담·지역집중,0.2526768503690947,0.643225896680075,0.3905490463109803,False,0.07692307692307693,629154.7142857142,30.9274672049,66495.44545317335,0.6613741491655599,0.7559488907077669,0.0227714480116064,56.25,False,원천관측값,,False,원천관측값
1162060500,관악구,은천동,서남권,5,저주거비·지역연계형,저주거비·저통근부담,저부담·광역분산,0.23735094313783228,0.6722669503802863,0.434916007242454,False,0.06837606837606838,594286.7122473245,29.7563066404,65469.59976389272,0.6075425397716517,0.786412092239147,0.0175193238906274,25.14,False,원천관측값,,False,원천관측값
1162061500,관악구,중앙동,서남권,5,저주거비·지역연계형,고주거비·고통근부담,고부담·지역집중,0.3499799656161519,0.8886837712477513,0.5387038056315994,False,0.20512820512820512,649773.0897172488,34.3479488066,65364.26564594861,0.6711994885278226,0.7707745335968637,0.0214132115695768,52.48,False,원천관측값,,False,원천관측값
1162062500,관악구,인헌동,서남권,5,저주거비·지역연계형,저주거비·저통근부담,저부담·지역집중,0.3728980639769206,0.5458444619188333,0.1729463979419127,False,0.24786324786324787,631161.303086257,28.1382683486,64107.25101576912,0.676585091873603,0.7722683259407362,0.0210886111046995,41.23,False,원천관측값,,False,원천관측값
1162063000,관악구,남현동,서남권,5,저주거비·지역연계형,고주거비·저통근부담,저부담·지역집중,0.33312662384262665,0.5221377427950605,0.1890111189524339,False,0.17094017094017094,663745.3009139508,29.1968904678,64283.65715668369,0.6515612035387969,0.7759323408805071,0.0186165982414284,38.44,False,원천관측값,,False,원천관측값
1162064500,관악구,서원동,서남권,5,저주거비·지역연계형,저주거비·고통근부담,저부담·광역분산,0.32176325670323186,0.7012537839763532,0.3794905272731213,False,0.13675213675213677,592471.6037431428,32.214791586,65568.52042012413,0.5752255008451886,0.7877693997925317,0.0171737115732349,49.61,False,원천관측값,,False,원천관측값
1162065500,관악구,신원동,서남권,5,저주거비·지역연계형,저주거비·고통근부담,저부담·광역분산,0.3801342460564283,0.6698337900002139,0.2896995439437856,False,0.2564102564102564,539505.4401582591,32.6124048765,65694.46376950122,0.5717526408004349,0.7888270045517882,0.0175064367752772,41.26,False,원천관측값,,False,원천관측값
1162066500,관악구,서림동,서남권,5,저주거비·지역연계형,저주거비·고통근부담,저부담·광역분산,0.4029612569696458,0.7924781141458351,0.38951685717618934,False,0.3076923076923077,489648.70931537595,32.4299249214,65426.37638656833,0.5961289960018811,0.7858384178306214,0.0173554059505099,44.37,False,원천관측값,,False,원천관측값
1162068500,관악구,신사동,서남권,4,주거절감·장거리통근형,저주거비·고통근부담,고부담·광역분산,0.5417624750625902,0.6409193527381508,0.09915687767556058,True,0.7352941176470589,566961.7705901966,35.5604806827,65381.46523928933,0.5179928709395176,0.7824288999007851,0.0189960043804023,46.34,False,원천관측값,,False,원천관측값
1162069500,관악구,신림동,서남권,5,저주거비·지역연계형,고주거비·고통근부담,고부담·지역집중,0.4289975403554645,0.8148591459179777,0.3858616055625132,False,0.41025641025641024,642692.8026928026,34.212306336,66014.72575415655,0.5771042700224793,0.7662436804044206,0.02045272653737,66.5,False,원천관측값,,False,원천관측값
1162071500,관악구,난향동,서남권,4,주거절감·장거리통근형,저주거비·고통근부담,저부담·광역분산,0.5056549242269097,0.8140331788374249,0.30837825461051516,False,0.6176470588235294,436134.75177304953,34.478882817,66777.69088907426,0.5041580145035475,0.8026698141467816,0.017653897286629,5.35,False,원천관측값,,False,원천관측값
1162072500,관악구,조원동,서남권,3,광역분산 통근형,저주거비·고통근부담,저부담·광역분산,0.6090522265088043,0.7825321577185185,0.17347993120971417,False,0.8552631578947368,565714.5647034639,31.970560318,65357.092364281285,0.4524372691237132,0.7537975974188147,0.0258171239995718,41.83,False,원천관측값,,False,원천관측값
1162073500,관악구,대학동,서남권,5,저주거비·지역연계형,저주거비·저통근부담,저부담·지역집중,0.4455156241155079,0.7442961659247906,0.29878054180928276,False,0.4700854700854701,512078.2930107527,29.761471622,65828.07279210481,0.6296812116526115,0.7444533724195265,0.0352440114834904,49.03,False,원천관측값,,False,원천관측값
1162074500,관악구,삼성동,서남권,5,저주거비·지역연계형,저주거비·저통근부담,저부담·광역분산,0.5208467667086264,0.8721251784549287,0.35127841174630225,False,0.6239316239316239,472036.5682137834,29.208732403,65188.91057904091,0.5849912650152785,0.798011087896249,0.0177812798699328,7.46,False,원천관측값,,False,원천관측값
1162076500,관악구,미성동,서남권,3,광역분산 통근형,저주거비·저통근부담,저부담·광역분산,0.2340381437698512,0.7864546581995887,0.5524165144297375,False,0.07894736842105263,581021.7124358114,27.9769568356,65084.41750086816,0.4202755676436736,0.7857910187099206,0.0178971562331389,19.15,False,원천관측값,,False,원천관측값
1162077500,관악구,난곡동,서남권,4,주거절감·장거리통근형,저주거비·고통근부담,저부담·광역분산,0.487335577372418,0.5684565996725907,0.08112102230017265,True,0.5882352941176471,505730.03731343284,32.8116695347,66382.54758888975,0.4118825738426857,0.7876093884196124,0.0187473038560998,15.97,False,원천관측값,,False,원천관측값
1165051000,서초구,서초1동,동남권,6,고주거비·직주근접형,고주거비·저통근부담,저부담·지역집중,0.5284596131654982,0.8652129636305321,0.33675335046503396,False,0.28125,779798.578931109,21.2270758234,65313.68523145127,0.722133038187212,0.6889181989233585,0.0412236739154433,21.69,False,원천관측값,,False,원천관측값
1165052000,서초구,서초2동,동남권,6,고주거비·직주근접형,고주거비·저통근부담,고부담·지역집중,0.46540230275453537,1.3955855844832485,0.9301832817287132,False,0.15625,957034.786752442,20.7737789988,65199.150901070505,0.7688086209354138,0.6542466037990776,0.0550452723520394,28.79,False,원천관측값,,False,원천관측값
1165053000,서초구,서초3동,동남권,6,고주거비·직주근접형,고주거비·고통근부담,고부담·지역집중,0.735119753905728,1.1417957936643395,0.40667603975861144,False,0.59375,843854.7197640118,21.764706929,75146.4179307814,0.7431330915313896,0.6758031530288618,0.0614676318518778,28.04,False,원천관측값,,False,원천관측값
1165053100,서초구,서초4동,동남권,6,고주거비·직주근접형,고주거비·저통근부담,고부담·지역집중,0.692234772227887,0.986575764781461,0.29434099255357404,False,0.46875,967928.1295487628,23.213594935,68004.00282663661,0.6655061476665705,0.7016694813971124,0.0367098696845944,8.27,False,원천관측값,,False,원천관측값
1165054000,서초구,잠원동,동남권,1,고비용 통근부담형,고주거비·고통근부담,고부담·지역집중,0.45433422701378806,0.6333574455440334,0.17902321853024533,False,0.21818181818181817,776649.4252873564,28.8249213809,70243.09876013554,0.5908115207860017,0.7386641453971625,0.0264871603921606,12.41,False,원천관측값,,False,원천관측값
1165055000,서초구,반포본동,동남권,6,고주거비·직주근접형,고주거비·저통근부담,저부담·지역집중,0.38982752031201123,1.2493590377444161,0.859531517432405,False,0.0625,779798.578931109,17.686962321,67426.01943179882,0.6905935864372844,0.6532252474079974,0.0795040441902264,10.24,True,같은 자치구 유사동 5개 표면주거비 중앙값,서초구 서초2동 | 서초구 서초1동 | 서초구 서초4동 | 서초구 양재2동 | 서초구 반포1동,False,원천관측값
1165056000,서초구,반포1동,동남권,2,근접통근 균형형,고주거비·저통근부담,저부담·지역집중,0.319178586827407,0.7309255223416425,0.4117469355142355,False,0.13924050632911392,716268.8810676052,25.24673822,66749.47447466929,0.6458984562159942,0.7420962012873116,0.0247464125461152,21.32,False,원천관측값,,False,원천관측값
1165057000,서초구,반포2동,동남권,2,근접통근 균형형,고주거비·저통근부담,고부담·광역분산,0.40590151197542096,0.7954867274061435,0.3895852154307225,False,0.25316455696202533,757504.6071774976,25.7146580057,67366.90993699589,0.5494345398200294,0.7674519957707393,0.0233158578561281,2.28,True,같은 자치구 유사동 5개 표면주거비 중앙값,서초구 방배3동 | 서초구 방배4동 | 서초구 반포1동 | 서초구 방배2동 | 서초구 잠원동,False,원천관측값
1165058000,서초구,반포3동,동남권,1,고비용 통근부담형,고주거비·고통근부담,고부담·지역집중,0.4692592250451957,1.0942004353529144,0.6249412103077188,False,0.2727272727272727,784920.4545454545,28.78380827,75934.9784855826,0.5640399113938959,0.7663308666028825,0.0217668187516439,3.43,False,원천관측값,,False,원천관측값
1165058100,서초구,반포4동,동남권,1,고비용 통근부담형,고주거비·고통근부담,고부담·지역집중,0.5174029285155617,0.7329369201241938,0.21553399160863207,False,0.34545454545454546,859724.025974026,27.7260628217,70450.5800981307,0.6157424016417493,0.7357899363862529,0.0306411975787213,8.62,False,원천관측값,,False,원천관측값
1165059000,서초구,방배본동,동남권,1,고비용 통근부담형,고주거비·고통근부담,고부담·지역집중,0.46508579520393545,0.8877779761276995,0.42269218092376404,False,0.2545454545454545,796263.5903919089,26.038753207,72826.14659341011,0.6302643607444706,0.7802463283072532,0.019813797376339,11.34,False,원천관측값,,False,원천관측값
1165060000,서초구,방배1동,동남권,1,고비용 통근부담형,고주거비·고통근부담,고부담·지역집중,0.3984107878399558,1.0053365194243011,0.6069257315843453,False,0.07272727272727272,726449.9634769902,26.254680285,75148.44141949629,0.6924227826859948,0.7558407913799321,0.0229973524562109,17.97,False,원천관측값,,False,원천관측값
1165061000,서초구,방배2동,동남권,2,근접통근 균형형,고주거비·저통근부담,고부담·지역집중,0.49578014841034546,0.5987443086963237,0.10296416028597821,False,0.45569620253164556,757504.6071774976,28.3478023997,66891.6378296031,0.6749671410051615,0.7561931890549424,0.0194818112578139,14.28,False,원천관측값,,False,원천관측값
1165062000,서초구,방배3동,동남권,2,근접통근 균형형,고주거비·저통근부담,저부담·지역집중,0.4192256232164996,0.6766746903800076,0.257449067163508,False,0.2911392405063291,728140.6249999999,25.22265959,66766.78290303722,0.6666246172181298,0.7635930621497701,0.0231857575362863,7.55,False,원천관측값,,False,원천관측값
1165062100,서초구,방배4동,동남권,2,근접통근 균형형,고주거비·저통근부담,저부담·지역집중,0.4594093458308955,0.8577359232778228,0.3983265774469273,False,0.3924050632911392,790735.2330068268,23.5710261152,66375.45597586242,0.6584667995696092,0.7612525152103444,0.020667312535578,15.05,False,원천관측값,,False,원천관측값
1165065100,서초구,양재1동,동남권,1,고비용 통근부담형,고주거비·고통근부담,고부담·지역집중,1.0020777602092636,1.3293961587385406,0.3273183985292769,False,0.8363636363636363,727458.917025862,29.3837058117,78819.63446937608,0.7787660109053611,0.6776980303379108,0.0482388355170817,13.03,False,원천관측값,,False,원천관측값
1165065200,서초구,양재2동,동남권,6,고주거비·직주근접형,고주거비·고통근부담,고부담·지역집중,0.7176513685514208,1.4835165548929483,0.7658651863415276,False,0.53125,700192.5722145805,22.0649224562,71402.22401733923,0.8248318594559292,0.6409399170391956,0.0625476949825463,26.07,False,원천관측값,,False,원천관측값
1165066000,서초구,내곡동,동남권,1,고비용 통근부담형,고주거비·고통근부담,고부담·지역집중,3.968284089244496,4.400948768232701,0.43266467898820515,False,1.0,798390.7056798622,26.150094647,117060.7916268811,0.7849885825348104,0.6750017813316931,0.052990381514579,9.83,False,원천관측값,,False,원천관측값
1168051000,강남구,신사동,동남권,6,고주거비·직주근접형,고주거비·저통근부담,저부담·지역집중,0.5849483128328465,0.6977373990276554,0.11278908619480887,False,0.375,778800.9744623655,22.0665553166,67066.43610124136,0.640078862854493,0.6938359364619321,0.0493543370498451,16.29,False,원천관측값,,False,원천관측값
1168052100,강남구,논현1동,동남권,6,고주거비·직주근접형,고주거비·저통근부담,저부담·지역집중,0.34039773251413574,1.2345661804823973,0.8941684479682616,False,0.03125,824403.3766826375,22.197044712,65711.81248310856,0.7734330697577675,0.6524214539247019,0.0538812142308992,40.37,False,원천관측값,,False,원천관측값
1168053100,강남구,논현2동,동남권,6,고주거비·직주근접형,고주거비·저통근부담,저부담·지역집중,0.4046606034485729,1.0506015960549693,0.6459409926063964,False,0.09375,867472.3307291667,21.9980163275,64978.73243293559,0.7387260152800608,0.6743946256216913,0.047293319341936,31.23,False,원천관측값,,False,원천관측값
1168054500,강남구,압구정동,동남권,1,고비용 통근부담형,고주거비·고통근부담,고부담·지역집중,0.6307617958956877,0.7444005095892182,0.11363871369353051,False,0.5272727272727272,881178.5714285715,26.742476462,70323.92869357069,0.5973008578101895,0.7332044154703694,0.0374972369316138,7.46,False,원천관측값,,False,원천관측값
1168056500,강남구,청담동,동남권,6,고주거비·직주근접형,고주거비·고통근부담,고부담·지역집중,0.6105159218402071,0.9070497133201123,0.2965337914799052,False,0.40625,811555.5586696562,22.7832011898,70892.36846628254,0.6757066159578513,0.6963381175602164,0.044180855812842,17.39,False,원천관측값,,False,원천관측값
1168058000,강남구,삼성1동,동남권,6,고주거비·직주근접형,고주거비·저통근부담,고부담·지역집중,0.4398932472008096,1.6458694617308818,1.205976214530072,False,0.125,924629.9999999999,18.9667971342,67862.2270093407,0.7707736016470639,0.6240918553377371,0.0956028936437638,15.57,False,원천관측값,,False,원천관측값
1168059000,강남구,삼성2동,동남권,6,고주거비·직주근접형,고주거비·저통근부담,고부담·지역집중,0.5096754059090383,1.071145779944666,0.5614703740356277,False,0.25,863184.4890510949,19.3767538088,68543.00510623811,0.7229541712633906,0.6931482731869045,0.0382966595058891,22.11,False,원천관측값,,False,원천관측값
1168060000,강남구,대치1동,동남권,1,고비용 통근부담형,고주거비·고통근부담,고부담·광역분산,1.715880764795106,1.8592810690397692,0.1434003042446632,False,0.9636363636363636,1308846.8468468469,29.6593922722,68125.72429709381,0.6052415398762708,0.7827974447242828,0.0201469869855454,1.33,False,원천관측값,,False,원천관측값
1168061000,강남구,대치2동,동남권,1,고비용 통근부담형,고주거비·고통근부담,고부담·지역집중,0.5774805519149911,0.7804270158583939,0.20294646394340277,False,0.4909090909090909,878935.96196868,28.2748852229,68952.98915843305,0.6905886339575378,0.7396861117592451,0.0299240737714448,7.5,False,원천관측값,,False,원천관측값
1168063000,강남구,대치4동,동남권,6,고주거비·직주근접형,고주거비·저통근부담,저부담·지역집중,0.5035069893531164,1.0282979106358925,0.524790921282776,False,0.21875,812931.6884482501,22.4980519238,65994.66698621269,0.7762348638740357,0.6825027986517507,0.0419792928029654,28.05,False,원천관측값,,False,원천관측값
1168064000,강남구,역삼1동,동남권,6,고주거비·직주근접형,고주거비·저통근부담,고부담·지역집중,0.7359712997832485,1.9375631639464623,1.201591864163214,False,0.625,915476.9318454524,19.6961468284,67594.24434546106,0.8334302894912777,0.5944305941455333,0.1009625072918638,46.14,False,원천관측값,,False,원천관측값
1168065000,강남구,역삼2동,동남권,6,고주거비·직주근접형,고주거비·저통근부담,저부담·지역집중,0.5372774325765751,0.9209480162561965,0.38367058367962137,False,0.3125,833857.7797374094,21.6042632584,63999.63003216689,0.7293770733406354,0.6868931322622448,0.0452723512233624,22.33,False,원천관측값,,False,원천관측값
1168065500,강남구,도곡1동,동남권,2,근접통근 균형형,고주거비·저통근부담,저부담·지역집중,0.5309793317483317,0.8662740811499374,0.33529474940160575,False,0.5189873417721519,705738.5398981324,25.8483273666,64768.388029047535,0.7100564634199843,0.7186299840234801,0.0295302541250459,15.73,False,원천관측값,,False,원천관측값
1168065600,강남구,도곡2동,동남권,2,근접통근 균형형,고주거비·저통근부담,고부담·지역집중,0.3995457132868731,0.6028477846479204,0.20330207136104733,False,0.24050632911392406,761761.83127572,28.2493603206,64787.79282474899,0.6532219399401982,0.7623795315795463,0.0214877836954126,4.86,False,원천관측값,,False,원천관측값
1168066000,강남구,개포1동,동남권,5,저주거비·지역연계형,저주거비·저통근부담,저부담·지역집중,0.39271500987338015,0.5846411600599848,0.19192615018660464,False,0.2905982905982906,640717.0542635659,29.2448924264,63915.93513833196,0.695412344588378,0.7615568236929865,0.0205651593156763,2.6,False,원천관측값,,False,원천관측값
1168067000,강남구,개포2동,동남권,5,저주거비·지역연계형,고주거비·고통근부담,고부담·지역집중,0.568049742358484,0.6738210764145245,0.10577133405604044,False,0.7606837606837606,782393.1034482758,31.1919731398,65838.30817373474,0.6650621752121291,0.7736419890283818,0.0188764315196937,5.75,False,원천관측값,,False,원천관측값
1168067500,강남구,개포3동,동남권,2,근접통근 균형형,고주거비·저통근부담,고부담·지역집중,0.7117298502436677,0.9839480764440826,0.2722182262004148,False,0.7721518987341772,886450.940860215,26.7975087286,64006.3354232452,0.6960474775527974,0.7747268864397856,0.0176582032768844,8.18,False,원천관측값,,False,원천관측값
1168069000,강남구,개포4동,동남권,2,근접통근 균형형,고주거비·저통근부담,저부담·지역집중,0.7410534648000577,1.0173913037077869,0.2763378389077291,False,0.8227848101265823,741953.2556750299,26.7480001042,61338.854334694544,0.7608349027412225,0.7215099031868946,0.0303215175162299,14.2,False,원천관측값,,False,원천관측값
1168070000,강남구,세곡동,동남권,1,고비용 통근부담형,고주거비·고통근부담,고부담·지역집중,0.6481000856376394,0.9299257811582518,0.2818256955206123,False,0.5636363636363636,824900.3480278422,32.006574845,68665.02740251124,0.7708070616193489,0.7398453781792522,0.02431672569956,18.31,False,원천관측값,,False,원천관측값
1168072000,강남구,일원본동,동남권,1,고비용 통근부담형,고주거비·고통근부담,고부담·지역집중,0.6406205817751407,0.9671811557574364,0.32656057398229565,False,0.5454545454545454,934166.6666666666,28.151452719,69843.42945057256,0.7097897729208145,0.758490254606553,0.0220740252033312,5.3,False,원천관측값,,False,원천관측값
1168073000,강남구,일원1동,동남권,2,근접통근 균형형,고주거비·저통근부담,저부담·지역집중,0.7221387496573697,0.9593717859136646,0.23723303625629488,False,0.7974683544303798,685140.9931271478,23.0065274344,62231.542905297865,0.7589270233150489,0.759358293142458,0.021197837302834,17.48,False,원천관측값,,False,원천관측값
1168075000,강남구,수서동,동남권,1,고비용 통근부담형,고주거비·고통근부담,고부담·지역집중,0.6763450162081908,1.2640418587723843,0.5876968425641935,False,0.6727272727272727,843374.5519713261,29.4973047749,75028.4781840395,0.8022709309121687,0.7198411717251655,0.0318302392166933,5.7,False,원천관측값,,False,원천관측값
1171051000,송파구,풍납1동,동남권,5,저주거비·지역연계형,저주거비·저통근부담,저부담·지역집중,0.6294437950222097,1.079700076624478,0.45025628160226827,False,0.8547008547008547,478765.4867256637,26.938448222,67262.37707497882,0.7403188675242198,0.7947366469218533,0.01739574857279,9.41,False,원천관측값,,False,원천관측값
1171052000,송파구,풍납2동,동남권,5,저주거비·지역연계형,저주거비·저통근부담,저부담·지역집중,0.891130938880218,0.915132287059271,0.024001348179052973,True,0.9914529914529915,553032.586850416,27.8307102012,66771.81079631681,0.7377014398181784,0.7010659828257405,0.0608433084018873,18.56,False,원천관측값,,False,원천관측값
1171053100,송파구,거여1동,동남권,5,저주거비·지역연계형,저주거비·고통근부담,고부담·지역집중,0.5014382944931015,0.8855244001436205,0.38408610565051904,False,0.5726495726495726,618602.0021645022,31.553670115,67179.90647923824,0.7816542277780115,0.7822491393038192,0.0179967091145594,12.39,False,원천관측값,,False,원천관측값
1171053200,송파구,거여2동,동남권,5,저주거비·지역연계형,저주거비·고통근부담,저부담·지역집중,0.5472275916890945,1.1399568082278073,0.5927292165387128,False,0.7008547008547008,472472.2222222222,30.072409208,66724.9470526833,0.75604216829277,0.7860662488467088,0.0177453658277346,6.55,False,원천관측값,,False,원천관측값
1171054000,송파구,마천1동,동남권,5,저주거비·지역연계형,저주거비·고통근부담,저부담·지역집중,0.6684860441355926,1.1094606812905814,0.44097463715498875,False,0.8974358974358975,469203.95435244153,29.3653800552,69163.55361156461,0.7728808937527175,0.7923384289195735,0.0175028325616521,7.79,False,원천관측값,,False,원천관측값
1171055000,송파구,마천2동,동남권,5,저주거비·지역연계형,저주거비·저통근부담,저부담·지역집중,0.8403738590396469,1.1246952239194437,0.28432136487979676,False,0.9658119658119658,484451.9060283688,25.9524647936,65511.94923000815,0.8136351924672145,0.7668048372311581,0.0231676279622749,7.58,False,원천관측값,,False,원천관측값
1171056100,송파구,방이1동,동남권,5,저주거비·지역연계형,고주거비·고통근부담,고부담·지역집중,0.5227575833108801,0.7352203141649182,0.2124627308540381,False,0.6324786324786325,721569.4692903996,33.9452364354,67687.43293994802,0.708751528958309,0.7905668084638934,0.0174346537829625,14.13,False,원천관측값,,False,원천관측값
1171056200,송파구,방이2동,동남권,1,고비용 통근부담형,고주거비·저통근부담,고부담·지역집중,0.9088499430199719,0.9168966466711937,0.008046703651221843,True,0.8181818181818182,848000.9432182608,27.0877569738,66049.59768698561,0.8001331127058805,0.7409088232246672,0.0249210829222056,40.65,False,원천관측값,,False,원천관측값
1171056600,송파구,오륜동,동남권,1,고비용 통근부담형,고주거비·고통근부담,고부담·광역분산,0.44552128330171104,0.6387532683552141,0.19323198505350303,False,0.16363636363636364,714123.5398414684,29.6302174476,71861.5455388075,0.6708164786214976,0.7946752934792194,0.0167742377546415,2.17,True,같은 자치구 유사동 5개 표면주거비 중앙값,송파구 가락1동 | 송파구 잠실2동 | 송파구 마천1동 | 송파구 잠실3동 | 송파구 송파1동,False,원천관측값
1171057000,송파구,오금동,동남권,5,저주거비·지역연계형,저주거비·저통근부담,저부담·지역집중,0.8069238349699793,0.9028584513038688,0.09593461633388944,True,0.9572649572649573,607461.3773239068,23.7958835954,69627.44949691581,0.7556747448436831,0.7788252413325111,0.0184952365928874,9.06,False,원천관측값,,False,원천관측값
1171058000,송파구,송파1동,동남권,1,고비용 통근부담형,고주거비·고통근부담,고부담·지역집중,0.6514490143021386,0.900254632658104,0.24880561835596537,False,0.5818181818181818,714123.5398414684,25.0856857103,71136.91161504218,0.7709604703157654,0.7633274789190689,0.0200595330573178,33.17,False,원천관측값,,False,원천관측값
1171059000,송파구,송파2동,동남권,5,저주거비·지역연계형,고주거비·고통근부담,고부담·지역집중,0.5037362661101082,0.6664907188063778,0.16275445269626954,False,0.5897435897435898,713964.6946564885,32.7090390208,68329.81850674095,0.7212481312326946,0.7897900955906598,0.0168497648386092,10.92,False,원천관측값,,False,원천관측값
1171060000,송파구,석촌동,동남권,1,고비용 통근부담형,고주거비·고통근부담,고부담·지역집중,0.6653706776510204,0.786818494702359,0.12144781705133856,False,0.6181818181818182,726780.5907172996,26.561407786,69004.38991451022,0.7751164101577293,0.760971608765886,0.0195085570285406,30.83,False,원천관측값,,False,원천관측값
1171061000,송파구,삼전동,동남권,2,근접통근 균형형,고주거비·저통근부담,저부담·지역집중,0.7901925723438695,0.8129734712267371,0.022780898882867606,True,0.8734177215189873,703426.924041113,26.5425716554,65590.38458515267,0.7942739662278054,0.747387920104043,0.0219932067290429,30.74,False,원천관측값,,False,원천관측값
1171062000,송파구,가락본동,동남권,1,고비용 통근부담형,고주거비·고통근부담,고부담·지역집중,0.7075710927630398,0.7562225098468629,0.048651417083823145,True,0.6909090909090909,687404.3947571317,26.4026703478,68771.19329148601,0.7725866021831391,0.7521509557841676,0.0241139285758876,17.05,False,원천관측값,,False,원천관측값
1171063100,송파구,가락1동,동남권,1,고비용 통근부담형,고주거비·고통근부담,고부담·지역집중,0.3808848885776356,0.9208898963290956,0.54000500775146,False,0.05454545454545454,832500.0,30.816810338,71982.02845684487,0.7333665977764611,0.7702125580353961,0.0211782111548932,5.47,False,원천관측값,,False,원천관측값
1171063200,송파구,가락2동,동남권,5,저주거비·지역연계형,고주거비·고통근부담,고부담·지역집중,0.538010114167738,0.8031297979480952,0.2651196837803572,False,0.6752136752136753,650883.9882943144,29.3603690143,66810.58854389748,0.7731474508422634,0.7630152793456727,0.0209638736533914,13.32,False,원천관측값,,False,원천관측값
1171064100,송파구,문정1동,동남권,1,고비용 통근부담형,고주거비·고통근부담,고부담·지역집중,0.8159309111809434,0.9262201853459578,0.11028927416501444,False,0.7636363636363637,689619.7200096548,24.4716881504,69917.55164911621,0.7873847627296208,0.7307692746997522,0.0325943069840902,20.93,False,원천관측값,,False,원천관측값
1171064200,송파구,문정2동,동남권,6,고주거비·직주근접형,고주거비·저통근부담,고부담·지역집중,0.9178820909829445,1.1622960578028136,0.24441396681986916,False,0.75,994119.3647540981,26.034585853,68225.57256194616,0.8096498969202458,0.7040555378493126,0.0452947725707888,38.56,False,원천관측값,,False,원천관측값
1171064600,송파구,장지동,동남권,1,고비용 통근부담형,고주거비·고통근부담,고부담·지역집중,0.6752627921701068,0.7447951765247358,0.06953238435462905,True,0.6545454545454545,690580.808080808,31.8498502012,67773.10243531632,0.7901556059816751,0.749382646842596,0.0267616756921095,10.56,False,원천관측값,,False,원천관측값
1171064700,송파구,위례동,동남권,1,고비용 통근부담형,고주거비·고통근부담,고부담·지역집중,1.157082810825279,1.4906330078423011,0.33355019701702204,False,0.8909090909090909,922430.2564102563,41.725678835,72612.7133930402,0.745240792541528,0.7686711099296322,0.0213247706753479,4.73,False,원천관측값,,False,원천관측값
1171065000,송파구,잠실본동,동남권,1,고비용 통근부담형,고주거비·고통근부담,고부담·지역집중,0.6703553692695228,0.8041213284690011,0.1337659591994783,False,0.6363636363636364,739644.6078431373,26.4488308122,68929.02412384818,0.7678107712520177,0.7386804274304202,0.0245980941482922,35.42,False,원천관측값,,False,원천관측값
1171067000,송파구,잠실2동,동남권,1,고비용 통근부담형,고주거비·고통근부담,고부담·지역집중,0.40976546653719687,0.5065502159860751,0.09678474944887822,True,0.10909090909090909,681666.6666666666,29.7989918305,70768.06286319185,0.621082654366709,0.767417199283995,0.0222115502819061,3.43,False,원천관측값,,False,원천관측값
1171068000,송파구,잠실3동,동남권,1,고비용 통근부담형,고주거비·고통근부담,고부담·지역집중,1.8746073903850466,2.0918488197509233,0.21724142936587665,False,0.9818181818181818,1381605.6338028167,30.2215161062,69003.75645704947,0.6713163649850457,0.7705812273195587,0.020863219159864,2.85,False,원천관측값,,False,원천관측값
1171069000,송파구,잠실4동,동남권,5,저주거비·지역연계형,고주거비·고통근부담,고부담·지역집중,0.5549959130471909,0.6699373529993224,0.11494143995213157,False,0.7435897435897436,747500.0,34.3261135998,68110.90261854725,0.6402716624789476,0.7829747314413643,0.0203141504155969,2.91,False,원천관측값,,False,원천관측값
1171071000,송파구,잠실6동,동남권,6,고주거비·직주근접형,고주거비·고통근부담,고부담·지역집중,1.570730625131995,1.631193747853744,0.06046312272174892,True,0.96875,1271875.0,29.074321292,68464.08270598526,0.7091628116103618,0.7127816494128756,0.0544977770061044,3.87,False,원천관측값,,False,원천관측값
1171072000,송파구,잠실7동,동남권,1,고비용 통근부담형,고주거비·고통근부담,고부담·지역집중,0.30672702516049866,0.7032584287243752,0.3965314035638765,False,0.01818181818181818,714123.5398414684,29.3000442862,73008.2460678089,0.6509345075954461,0.779999230924119,0.0188877908563815,2.32,True,같은 자치구 유사동 5개 표면주거비 중앙값,송파구 가락1동 | 송파구 잠실2동 | 송파구 송파1동 | 송파구 잠실3동 | 송파구 마천1동,False,원천관측값
1174051500,강동구,강일동,동남권,5,저주거비·지역연계형,저주거비·고통근부담,고부담·지역집중,0.5955428477748128,0.81470935337665,0.21916650560183715,False,0.811965811965812,610012.5460405158,35.9579568392,70206.88423686025,0.7222200378359221,0.7800734586272677,0.0216568231684169,6.19,False,원천관측값,,False,원천관측값
1174052500,강동구,상일제1동,동남권,1,고비용 통근부담형,저주거비·고통근부담,고부담·지역집중,0.8837153578692323,0.9053645389942602,0.021649181125027894,True,0.7818181818181819,569071.4285714284,37.6123996406,74074.17055269131,0.6778592562219878,0.7775416057647926,0.0214402442162624,3.39,False,원천관측값,,False,원천관측값
1174052600,강동구,상일제2동,동남권,5,저주거비·지역연계형,저주거비·고통근부담,고부담·지역집중,0.8650439309353231,1.0554023673057369,0.19035843637041383,False,0.9829059829059829,505763.8095238095,37.7899838803,72501.12336462169,0.7167841580927234,0.7711759458853088,0.027123667660676,14.52,False,원천관측값,,False,원천관측값
1174053000,강동구,명일제1동,동남권,1,고비용 통근부담형,고주거비·고통근부담,고부담·지역집중,0.5124395791667395,0.5791824853051118,0.0667429061383723,True,0.32727272727272727,739583.3333333333,29.961282577,68315.1765207726,0.6942522464437035,0.7882149040254811,0.017466747697146,7.06,False,원천관측값,,False,원천관측값
1174054000,강동구,명일제2동,동남권,5,저주거비·지역연계형,고주거비·고통근부담,고부담·지역집중,0.7610623681948123,0.9253595361630736,0.16429716796826133,False,0.9316239316239316,741613.829787234,38.0303819852,67632.20306957222,0.6842294612262073,0.7880405531127328,0.0180846739389889,13.38,False,원천관측값,,False,원천관측값
1174055000,강동구,고덕제1동,동남권,5,저주거비·지역연계형,저주거비·고통근부담,고부담·광역분산,0.5741587113983224,0.9361445164681279,0.3619858050698055,False,0.7777777777777778,589923.6220472441,37.2370226204,67197.62413882735,0.6786620459853875,0.7991943884786051,0.0163697548678936,3.93,False,원천관측값,,False,원천관측값
1174056000,강동구,고덕제2동,동남권,5,저주거비·지역연계형,저주거비·고통근부담,고부담·지역집중,0.921773805762378,1.1142913548781876,0.19251754911580965,False,1.0,636786.690647482,41.505671954,68291.37147104989,0.6710651013674092,0.7815224072731035,0.01971608759884,7.88,False,원천관측값,,False,원천관측값
1174057000,강동구,암사제1동,동남권,5,저주거비·지역연계형,저주거비·저통근부담,저부담·지역집중,0.4687919536619051,1.084282353817286,0.6154904001553809,False,0.5042735042735043,565395.2249964734,33.115960843,63962.07349284232,0.7464655889920184,0.7892509222777417,0.0161337007780722,12.6,False,원천관측값,,False,원천관측값
1174058000,강동구,암사제2동,동남권,5,저주거비·지역연계형,저주거비·고통근부담,저부담·지역집중,0.3413403289077397,0.9406893651439867,0.599349036236247,False,0.18803418803418803,565426.6017842661,30.736421962,67018.65371301002,0.7297649159995886,0.7925595987613755,0.0164204833540382,13.44,False,원천관측값,,False,원천관측값
1174059000,강동구,암사제3동,동남권,5,저주거비·지역연계형,저주거비·고통근부담,고부담·광역분산,0.6505963594878266,0.9929425999484507,0.3423462404606241,False,0.8717948717948718,615484.5474613686,37.2027341764,67452.00576811285,0.6990467719489935,0.8120931416346471,0.0149534730263155,3.93,False,원천관측값,,False,원천관측값
1174060000,강동구,천호제1동,동남권,5,저주거비·지역연계형,저주거비·저통근부담,저부담·지역집중,0.4432775037093974,0.9772830242092155,0.5340055204998182,False,0.4444444444444444,591003.6362080766,31.7065607988,64049.77944229259,0.7539806572822492,0.7834513846671497,0.0178863409672656,14.19,False,원천관측값,,False,원천관측값
1174061000,강동구,천호제2동,동남권,5,저주거비·지역연계형,고주거비·저통근부담,저부담·지역집중,0.5485556479314886,0.925508003084615,0.3769523551531264,False,0.717948717948718,679949.9523355577,32.8333250175,63096.81333505633,0.7465088565215987,0.7753254699231853,0.018525652330161,22.16,False,원천관측값,,False,원천관측값
1174062000,강동구,천호제3동,동남권,5,저주거비·지역연계형,고주거비·고통근부담,고부담·지역집중,0.41332717634822036,0.8685903346903019,0.45526315834208153,False,0.3333333333333333,682207.4954296162,32.6148124113,64627.75277078138,0.7164772686010377,0.78299327370499,0.0172413786723913,28.05,False,원천관측값,,False,원천관측값
1174064000,강동구,성내제1동,동남권,5,저주거비·지역연계형,저주거비·저통근부담,저부담·지역집중,0.5373194898859139,0.8120397954212961,0.2747203055353822,False,0.6666666666666666,598709.8393574298,27.029031677,67706.28812094286,0.7486309814592947,0.7686696957497695,0.0239909351571874,13.4,False,원천관측값,,False,원천관측값
1174065000,강동구,성내제2동,동남권,5,저주거비·지역연계형,저주거비·저통근부담,저부담·지역집중,0.4441309914516487,0.8269890707703716,0.38285807931872295,False,0.452991452991453,619847.068847989,28.8063586072,66569.85438962736,0.7531830742959698,0.7755746179756292,0.0176770486239093,28.45,False,원천관측값,,False,원천관측값
1174066000,강동구,성내제3동,동남권,5,저주거비·지역연계형,고주거비·저통근부담,저부담·지역집중,0.46449478920540155,0.7076371648372621,0.24314237563186059,False,0.48717948717948717,660324.5566899517,28.379397029,65031.71030904861,0.7356769072259104,0.7771536284603776,0.0203466606983006,17.69,False,원천관측값,,False,원천관측값
1174068500,강동구,길동,동남권,5,저주거비·지역연계형,고주거비·저통근부담,저부담·지역집중,0.41502869220581595,0.7577911210983844,0.34276242889256847,False,0.3504273504273504,652476.0452961673,30.6243997823,64573.79330608264,0.7343708361724265,0.7662941080458546,0.0226914828493959,20.53,False,원천관측값,,False,원천관측값
1174069000,강동구,둔촌제1동,동남권,5,저주거비·지역연계형,저주거비·고통근부담,고부담·광역분산,0.6308678471210938,0.7937621958039383,0.16289434868284447,False,0.8632478632478633,545000.0,37.907839983,66940.3730197966,0.6312611836646462,0.7966315170975592,0.0165270498816091,6.73,False,원천관측값,,False,원천관측값
1174070000,강동구,둔촌제2동,동남권,5,저주거비·지역연계형,저주거비·저통근부담,저부담·지역집중,0.4823172905196151,0.8320226870316592,0.3497053965120441,False,0.5213675213675214,591380.8754933621,30.3144933439,62715.12338524776,0.7383190922611316,0.767445477979034,0.0223728268679649,12.2,False,원천관측값,,False,원천관측값
